Unidade da Federação / Categoria Administrativa,Seleção para Vagas Novas -  Vagas Oferecidas Total Geral,Seleção para Vagas Novas - Candidatos Inscritos Total Geral,Seleção para Vagas Novas - Ingressos Total Geral,Seleção para Vagas Novas - Vagas Oferecidas Universidades,Seleção para Vagas Novas - Candidatos Inscritos Universidades,Seleção para Vagas Novas - Ingressos Universidades,Seleção para Vagas Novas - Vagas Oferecidas Centros Universitários,Seleção para Vagas Novas - Candidatos Inscritos Centros Universitários,Seleção para Vagas Novas - Ingressos Centros Universitários,Seleção para Vagas Novas - Vagas Oferecidas Faculdades,Seleção para Vagas Novas - Candidatos Inscritos Faculdades,Seleção para Vagas Novas - Ingressos Faculdades,Seleção para Vagas Novas - Vagas Oferecidas IF e CEFET,Seleção para Vagas Novas - Candidatos Inscritos IF e CEFET,Seleção para Vagas Novas - Ingressos IF e CEFET,Seleção para Vagas de Programas Especiais - Vagas Oferecidas Total Geral,Seleção para Vagas de Programas Especiais - Candidatos Inscritos Total Geral,Seleção para Vagas de Programas Especiais - Ingressos Total Geral,Seleção para Vagas de Programas Especiais - Vagas Oferecidas Universidades,Seleção para Vagas de Programas Especiais - Candidatos Inscritos Universidades,Seleção para Vagas de Programas Especiais - Ingressos Universidades,Seleção para Vagas de Programas Especiais - Vagas Oferecidas Centros Universitários,Seleção para Vagas de Programas Especiais - Candidatos Inscritos Centros Universitários,Seleção para Vagas de Programas Especiais - Ingressos Centros Universitários,Seleção para Vagas de Programas Especiais - Vagas Oferecidas Faculdades,Seleção para Vagas de Programas Especiais - Candidatos Inscritos Faculdades,Seleção para Vagas de Programas Especiais - Ingressos Faculdades,Seleção para Vagas de Programas Especiais - Vagas Oferecidas IF e CEFET,Seleção para Vagas de Programas Especiais - Candidatos Inscritos IF e CEFET,Seleção para Vagas de Programas Especiais - Ingressos IF e CEFET,Seleção para Vagas Remanescentes - Vagas Oferecidas Total Geral,Seleção para Vagas Remanescentes - Candidatos Inscritos Total Geral,Seleção para Vagas Remanescentes - Ingressos Total Geral,Seleção para Vagas Remanescentes - Vagas Oferecidas Universidades,Seleção para Vagas Remanescentes - Candidatos Inscritos Universidades,Seleção para Vagas Remanescentes - Ingressos Universidades,Seleção para Vagas Remanescentes - Vagas Oferecidas Centros Universitários,Seleção para Vagas Remanescentes - Candidatos Inscritos Centros Universitários,Seleção para Vagas Remanescentes - Ingressos Centros Universitários,Seleção para Vagas Remanescentes - Vagas Oferecidas Faculdades,Seleção para Vagas Remanescentes - Candidatos Inscritos Faculdades,Seleção para Vagas Remanescentes - Ingressos Faculdades,Seleção para Vagas Remanescentes - Vagas Oferecidas IF e CEFET,Seleção para Vagas Remanescentes - Candidatos Inscritos IF e CEFET,Seleção para Vagas Remanescentes - Ingressos IF e CEFET
Brasil,  3.754.284 ,  14.026.122 ,  1.944.178 ,  1.510.027 ,  9.098.982 ,  904.851 ,  621.111 ,  1.164.194 ,  313.281 ,  1.570.667 ,  2.523.399 ,  679.015 ,  52.479 ,  1.239.547 ,  47.031 ,  25.597 ,  59.475 ,  10.339 ,  16.606 ,  52.469 ,  9.148 ,  568 ,  122 ,  59 ,  7.362 ,  5.768 ,  628 ,  1.061 ,  1.116 ,  504 ,  1.969.294 ,  938.591 ,  265.554 ,  796.056 ,  409.675 ,  139.386 ,  366.924 ,  207.230 ,  57.023 ,  793.908 ,  310.270 ,  67.023 ,  12.406 ,  11.416 ,  2.122 
Pública,  530.552 ,  8.517.232 ,  451.174 ,  404.532 ,  7.064.440 ,  357.138 ,  9.949 ,  31.209 ,  5.460 ,  63.592 ,  182.036 ,  41.545 ,  52.479 ,  1.239.547 ,  47.031 ,  17.496 ,  53.011 ,  9.179 ,  15.830 ,  51.561 ,  8.546 ,  45 ,  45 ,  43 ,  560 ,  289 ,  86 ,  1.061 ,  1.116 ,  504 ,  165.644 ,  160.203 ,  41.137 ,  139.088 ,  143.307 ,  37.465 ,  4.701 ,  1.278 ,  409 ,  9.449 ,  4.202 ,  1.141 ,  12.406 ,  11.416 ,  2.122 
Federal,  313.170 ,  6.751.671 ,  284.060 ,  260.227 ,  5.496.373 ,  236.593 , . , . , . ,  464 ,  15.751 ,  436 ,  52.479 ,  1.239.547 ,  47.031 ,  7.414 ,  17.154 ,  5.151 ,  6.345 ,  16.030 ,  4.639 , . , . , . ,  8 ,  8 ,  8 ,  1.061 ,  1.116 ,  504 ,  109.428 ,  118.459 ,  30.862 ,  96.845 ,  106.871 ,  28.682 , . , . , . ,  177 ,  172 ,  58 ,  12.406 ,  11.416 ,  2.122 
Estadual,  157.739 ,  1.661.188 ,  134.554 ,  124.321 ,  1.533.223 ,  107.522 ,  600 ,  7.861 ,  540 ,  32.818 ,  120.104 ,  26.492 , . , . , . ,  9.552 ,  35.545 ,  3.918 ,  9.051 ,  35.277 ,  3.840 ,  - ,  - ,  - ,  501 ,  268 ,  78 , . , . , . ,  37.345 ,  34.464 ,  7.385 ,  33.153 ,  32.273 ,  6.828 ,  120 ,  51 ,  41 ,  4.072 ,  2.140 ,  516 , . , . , . 
Municipal,  59.643 ,  104.373 ,  32.560 ,  19.984 ,  34.844 ,  13.023 ,  9.349 ,  23.348 ,  4.920 ,  30.310 ,  46.181 ,  14.617 , . , . , . ,  530 ,  312 ,  110 ,  434 ,  254 ,  67 ,  45 ,  45 ,  43 ,  51 ,  13 ,  - , . , . , . ,  18.871 ,  7.280 ,  2.890 ,  9.090 ,  4.163 ,  1.955 ,  4.581 ,  1.227 ,  368 ,  5.200 ,  1.890 ,  567 , . , . , . 
Privada,  3.223.732 ,  5.508.890 ,  1.493.004 ,  1.105.495 ,  2.034.542 ,  547.713 ,  611.162 ,  1.132.985 ,  307.821 ,  1.507.075 ,  2.341.363 ,  637.470 , . , . , . ,  8.101 ,  6.464 ,  1.160 ,  776 ,  908 ,  602 ,  523 ,  77 ,  16 ,  6.802 ,  5.479 ,  542 , . , . , . ,  1.803.650 ,  778.388 ,  224.417 ,  656.968 ,  266.368 ,  101.921 ,  362.223 ,  205.952 ,  56.614 ,  784.459 ,  306.068 ,  65.882 , . , . , . 
Norte,  219.628 ,  1.435.224 ,  139.991 ,  76.641 ,  935.317 ,  53.281 ,  30.448 ,  153.559 ,  20.741 ,  108.114 ,  232.931 ,  61.954 ,  4.425 ,  113.417 ,  4.015 ,  2.734 ,  11.610 ,  1.456 ,  1.742 ,  10.922 ,  1.318 ,  - ,  - ,  - ,  670 ,  567 ,  108 ,  322 ,  121 ,  30 ,  74.906 ,  89.184 ,  13.113 ,  21.995 ,  34.854 ,  3.197 ,  8.890 ,  8.947 ,  2.024 ,  43.253 ,  42.799 ,  7.824 ,  768 ,  2.584 ,  68 
Pública,  48.110 ,  1.004.711 ,  41.125 ,  41.095 ,  882.609 ,  35.514 ,  1.920 ,  8.303 ,  1.250 ,  670 ,  382 ,  346 ,  4.425 ,  113.417 ,  4.015 ,  1.936 ,  11.036 ,  1.348 ,  1.614 ,  10.915 ,  1.318 ,  - ,  - ,  - ,  - ,  - ,  - ,  322 ,  121 ,  30 ,  11.000 ,  25.038 ,  1.780 ,  8.693 ,  21.777 ,  1.590 ,  884 ,  659 ,  119 ,  655 ,  18 ,  3 ,  768 ,  2.584 ,  68 
Federal,  34.021 ,  842.927 ,  30.025 ,  29.596 ,  729.510 ,  26.010 , . , . , . , . , . , . ,  4.425 ,  113.417 ,  4.015 ,  1.786 ,  10.790 ,  1.255 ,  1.464 ,  10.669 ,  1.225 , . , . , . , . , . , . ,  322 ,  121 ,  30 ,  7.201 ,  23.335 ,  1.423 ,  6.433 ,  20.751 ,  1.355 , . , . , . , . , . , . ,  768 ,  2.584 ,  68 
Estadual,  11.499 ,  153.099 ,  9.504 ,  11.499 ,  153.099 ,  9.504 , . , . , . , . , . , . , . , . , . ,  150 ,  246 ,  93 ,  150 ,  246 ,  93 , . , . , . , . , . , . , . , . , . ,  2.260 ,  1.026 ,  235 ,  2.260 ,  1.026 ,  235 , . , . , . , . , . , . , . , . , . 
Municipal,  2.590 ,  8.685 ,  1.596 , . , . , . ,  1.920 ,  8.303 ,  1.250 ,  670 ,  382 ,  346 , . , . , . ,  - ,  - ,  - , . , . , . ,  - ,  - ,  - ,  - ,  - ,  - , . , . , . ,  1.539 ,  677 ,  122 , . , . , . ,  884 ,  659 ,  119 ,  655 ,  18 ,  3 , . , . , . 
Privada,  171.518 ,  430.513 ,  98.866 ,  35.546 ,  52.708 ,  17.767 ,  28.528 ,  145.256 ,  19.491 ,  107.444 ,  232.549 ,  61.608 , . , . , . ,  798 ,  574 ,  108 ,  128 ,  7 ,  - ,  - ,  - ,  - ,  670 ,  567 ,  108 , . , . , . ,  63.906 ,  64.146 ,  11.333 ,  13.302 ,  13.077 ,  1.607 ,  8.006 ,  8.288 ,  1.905 ,  42.598 ,  42.781 ,  7.821 , . , . , . 
Rondônia,  24.490 ,  65.685 ,  13.542 ,  2.845 ,  22.692 ,  2.248 ,  1.867 ,  2.700 ,  986 ,  19.338 ,  34.885 ,  9.970 ,  440 ,  5.408 ,  338 ,  1 ,  1 ,  28 ,  - ,  - ,  - ,  - ,  - ,  - ,  - ,  - ,  - ,  1 ,  1 ,  28 ,  9.539 ,  7.372 ,  854 ,  1.980 ,  2.900 ,  245 ,  450 ,  72 ,  102 ,  7.079 ,  4.360 ,  498 ,  30 ,  40 ,  9 
Pública,  3.285 ,  28.100 ,  2.586 ,  2.845 ,  22.692 ,  2.248 , . , . , . , . , . , . ,  440 ,  5.408 ,  338 ,  1 ,  1 ,  28 ,  - ,  - ,  - , . , . , . , . , . , . ,  1 ,  1 ,  28 ,  2.010 ,  2.940 ,  254 ,  1.980 ,  2.900 ,  245 , . , . , . , . , . , . ,  30 ,  40 ,  9 
Federal,  3.285 ,  28.100 ,  2.586 ,  2.845 ,  22.692 ,  2.248 , . , . , . , . , . , . ,  440 ,  5.408 ,  338 ,  1 ,  1 ,  28 ,  - ,  - ,  - , . , . , . , . , . , . ,  1 ,  1 ,  28 ,  2.010 ,  2.940 ,  254 ,  1.980 ,  2.900 ,  245 , . , . , . , . , . , . ,  30 ,  40 ,  9 
Estadual, . , . , . , . , . , . , . , . , . , . , . , . , . , . , . , . , . , . , . , . , . , . , . , . , . , . , . , . , . , . , . , . , . , . , . , . , . , . , . , . , . , . , . , . , . 
Municipal, . , . , . , . , . , . , . , . , . , . , . , . , . , . , . , . , . , . , . , . , . , . , . , . , . , . , . , . , . , . , . , . , . , . , . , . , . , . , . , . , . , . , . , . , . 
Privada,  21.205 ,  37.585 ,  10.956 , . , . , . ,  1.867 ,  2.700 ,  986 ,  19.338 ,  34.885 ,  9.970 , . , . , . ,  - ,  - ,  - , . , . , . ,  - ,  - ,  - ,  - ,  - ,  - , . , . , . ,  7.529 ,  4.432 ,  600 , . , . , . ,  450 ,  72 ,  102 ,  7.079 ,  4.360 ,  498 , . , . , . 
Acre,  7.480 ,  134.305 ,  5.852 ,  2.240 ,  97.976 ,  2.159 , . , . , . ,  4.765 ,  18.564 ,  3.252 ,  475 ,  17.765 ,  441 ,  - ,  - ,  - ,  - ,  - ,  - , . , . , . ,  - ,  - ,  - ,  - ,  - ,  - ,  1.072 ,  6.103 ,  371 ,  623 ,  839 ,  156 , . , . , . ,  449 ,  5.264 ,  215 ,  - ,  - ,  - 
Pública,  2.715 ,  115.741 ,  2.600 ,  2.240 ,  97.976 ,  2.159 , . , . , . , . , . , . ,  475 ,  17.765 ,  441 ,  - ,  - ,  - ,  - ,  - ,  - , . , . , . , . , . , . ,  - ,  - ,  - ,  623 ,  839 ,  156 ,  623 ,  839 ,  156 , . , . , . , . , . , . ,  - ,  - ,  - 
Federal,  2.715 ,  115.741 ,  2.600 ,  2.240 ,  97.976 ,  2.159 , . , . , . , . , . , . ,  475 ,  17.765 ,  441 ,  - ,  - ,  - ,  - ,  - ,  - , . , . , . , . , . , . ,  - ,  - ,  - ,  623 ,  839 ,  156 ,  623 ,  839 ,  156 , . , . , . , . , . , . ,  - ,  - ,  - 
Estadual, . , . , . , . , . , . , . , . , . , . , . , . , . , . , . , . , . , . , . , . , . , . , . , . , . , . , . , . , . , . , . , . , . , . , . , . , . , . , . , . , . , . , . , . , . 
Municipal, . , . , . , . , . , . , . , . , . , . , . , . , . , . , . , . , . , . , . , . , . , . , . , . , . , . , . , . , . , . , . , . , . , . , . , . , . , . , . , . , . , . , . , . , . 
Privada,  4.765 ,  18.564 ,  3.252 , . , . , . , . , . , . ,  4.765 ,  18.564 ,  3.252 , . , . , . ,  - ,  - ,  - , . , . , . , . , . , . ,  - ,  - ,  - , . , . , . ,  449 ,  5.264 ,  215 , . , . , . , . , . , . ,  449 ,  5.264 ,  215 , . , . , . 
Amazonas,  75.970 ,  435.373 ,  44.978 ,  36.741 ,  269.045 ,  19.407 ,  18.930 ,  112.448 ,  12.185 ,  19.584 ,  35.458 ,  12.778 ,  715 ,  18.422 ,  608 ,  925 ,  2.330 ,  516 ,  590 ,  2.196 ,  515 ,  - ,  - ,  - ,  15 ,  15 ,  - ,  320 ,  119 ,  1 ,  28.717 ,  34.583 ,  6.824 ,  14.895 ,  17.732 ,  2.451 ,  3.589 ,  2.550 ,  890 ,  9.946 ,  14.047 ,  3.459 ,  287 ,  254 ,  24 
Pública,  13.330 ,  244.965 ,  11.720 ,  12.615 ,  226.543 ,  11.112 , . , . , . , . , . , . ,  715 ,  18.422 ,  608 ,  910 ,  2.315 ,  516 ,  590 ,  2.196 ,  515 , . , . , . , . , . , . ,  320 ,  119 ,  1 ,  2.567 ,  5.579 ,  869 ,  2.280 ,  5.325 ,  845 , . , . , . , . , . , . ,  287 ,  254 ,  24 
Federal,  6.185 ,  154.184 ,  5.896 ,  5.470 ,  135.762 ,  5.288 , . , . , . , . , . , . ,  715 ,  18.422 ,  608 ,  870 ,  2.191 ,  493 ,  550 ,  2.072 ,  492 , . , . , . , . , . , . ,  320 ,  119 ,  1 ,  1.933 ,  5.299 ,  677 ,  1.646 ,  5.045 ,  653 , . , . , . , . , . , . ,  287 ,  254 ,  24 
Estadual,  7.145 ,  90.781 ,  5.824 ,  7.145 ,  90.781 ,  5.824 , . , . , . , . , . , . , . , . , . ,  40 ,  124 ,  23 ,  40 ,  124 ,  23 , . , . , . , . , . , . , . , . , . ,  634 ,  280 ,  192 ,  634 ,  280 ,  192 , . , . , . , . , . , . , . , . , . 
Municipal, . , . , . , . , . , . , . , . , . , . , . , . , . , . , . , . , . , . , . , . , . , . , . , . , . , . , . , . , . , . , . , . , . , . , . , . , . , . , . , . , . , . , . , . , . 
Privada,  62.640 ,  190.408 ,  33.258 ,  24.126 ,  42.502 ,  8.295 ,  18.930 ,  112.448 ,  12.185 ,  19.584 ,  35.458 ,  12.778 , . , . , . ,  15 ,  15 ,  - ,  - ,  - ,  - ,  - ,  - ,  - ,  15 ,  15 ,  - , . , . , . ,  26.150 ,  29.004 ,  5.955 ,  12.615 ,  12.407 ,  1.606 ,  3.589 ,  2.550 ,  890 ,  9.946 ,  14.047 ,  3.459 , . , . , . 
Roraima,  6.467 ,  48.521 ,  5.990 ,  2.149 ,  28.801 ,  1.818 ,  2.540 ,  12.805 ,  2.828 ,  1.428 ,  2.062 ,  1.015 ,  350 ,  4.853 ,  329 ,  188 ,  770 ,  72 ,  109 ,  691 ,  72 ,  - ,  - ,  - ,  79 ,  79 ,  - ,  - ,  - ,  - ,  2.811 ,  4.006 ,  417 ,  107 ,  104 ,  14 ,  2.601 ,  3.799 ,  325 ,  103 ,  103 ,  78 ,  - ,  - ,  - 
Pública,  2.499 ,  33.654 ,  2.147 ,  2.149 ,  28.801 ,  1.818 , . , . , . , . , . , . ,  350 ,  4.853 ,  329 ,  109 ,  691 ,  72 ,  109 ,  691 ,  72 , . , . , . , . , . , . ,  - ,  - ,  - ,  107 ,  104 ,  14 ,  107 ,  104 ,  14 , . , . , . , . , . , . ,  - ,  - ,  - 
Federal,  2.064 ,  31.212 ,  1.829 ,  1.714 ,  26.359 ,  1.500 , . , . , . , . , . , . ,  350 ,  4.853 ,  329 ,  54 ,  644 ,  47 ,  54 ,  644 ,  47 , . , . , . , . , . , . ,  - ,  - ,  - ,  107 ,  104 ,  14 ,  107 ,  104 ,  14 , . , . , . , . , . , . ,  - ,  - ,  - 
Estadual,  435 ,  2.442 ,  318 ,  435 ,  2.442 ,  318 , . , . , . , . , . , . , . , . , . ,  55 ,  47 ,  25 ,  55 ,  47 ,  25 , . , . , . , . , . , . , . , . , . ,  - ,  - ,  - ,  - ,  - ,  - , . , . , . , . , . , . , . , . , . 
Municipal, . , . , . , . , . , . , . , . , . , . , . , . , . , . , . , . , . , . , . , . , . , . , . , . , . , . , . , . , . , . , . , . , . , . , . , . , . , . , . , . , . , . , . , . , . 
Privada,  3.968 ,  14.867 ,  3.843 , . , . , . ,  2.540 ,  12.805 ,  2.828 ,  1.428 ,  2.062 ,  1.015 , . , . , . ,  79 ,  79 ,  - , . , . , . ,  - ,  - ,  - ,  79 ,  79 ,  - , . , . , . ,  2.704 ,  3.902 ,  403 , . , . , . ,  2.601 ,  3.799 ,  325 ,  103 ,  103 ,  78 , . , . , . 
Pará,  67.044 ,  522.603 ,  45.013 ,  25.901 ,  381.705 ,  21.923 ,  2.971 ,  9.574 ,  1.640 ,  37.217 ,  83.067 ,  20.538 ,  955 ,  48.257 ,  912 ,  983 ,  7.867 ,  522 ,  753 ,  7.745 ,  520 ,  - ,  - ,  - ,  229 ,  121 ,  1 ,  1 ,  1 ,  1 ,  18.371 ,  21.538 ,  2.895 ,  2.003 ,  8.900 ,  267 ,  954 ,  1.544 ,  354 ,  15.405 ,  11.085 ,  2.266 ,  9 ,  9 ,  8 
Pública,  15.436 ,  419.756 ,  13.363 ,  14.481 ,  371.499 ,  12.451 , . , . , . , . , . , . ,  955 ,  48.257 ,  912 ,  626 ,  7.739 ,  521 ,  625 ,  7.738 ,  520 , . , . , . , . , . , . ,  1 ,  1 ,  1 ,  1.325 ,  8.239 ,  274 ,  1.316 ,  8.230 ,  266 , . , . , . , . , . , . ,  9 ,  9 ,  8 
Federal,  12.547 ,  373.069 ,  10.879 ,  11.592 ,  324.812 ,  9.967 , . , . , . , . , . , . ,  955 ,  48.257 ,  912 ,  571 ,  7.664 ,  476 ,  570 ,  7.663 ,  475 , . , . , . , . , . , . ,  1 ,  1 ,  1 ,  1.010 ,  7.612 ,  261 ,  1.001 ,  7.603 ,  253 , . , . , . , . , . , . ,  9 ,  9 ,  8 
Estadual,  2.889 ,  46.687 ,  2.484 ,  2.889 ,  46.687 ,  2.484 , . , . , . , . , . , . , . , . , . ,  55 ,  75 ,  45 ,  55 ,  75 ,  45 , . , . , . , . , . , . , . , . , . ,  315 ,  627 ,  13 ,  315 ,  627 ,  13 , . , . , . , . , . , . , . , . , . 
Municipal, . , . , . , . , . , . , . , . , . , . , . , . , . , . , . , . , . , . , . , . , . , . , . , . , . , . , . , . , . , . , . , . , . , . , . , . , . , . , . , . , . , . , . , . , . 
Privada,  51.608 ,  102.847 ,  31.650 ,  11.420 ,  10.206 ,  9.472 ,  2.971 ,  9.574 ,  1.640 ,  37.217 ,  83.067 ,  20.538 , . , . , . ,  357 ,  128 ,  1 ,  128 ,  7 ,  - ,  - ,  - ,  - ,  229 ,  121 ,  1 , . , . , . ,  17.046 ,  13.299 ,  2.621 ,  687 ,  670 ,  1 ,  954 ,  1.544 ,  354 ,  15.405 ,  11.085 ,  2.266 , . , . , . 
Amapá,  16.745 ,  78.173 ,  10.647 ,  2.545 ,  46.596 ,  2.569 , . , . , . ,  13.960 ,  23.791 ,  7.855 ,  240 ,  7.786 ,  223 ,  390 ,  390 ,  309 ,  290 ,  290 ,  211 , . , . , . ,  100 ,  100 ,  98 ,  - ,  - ,  - ,  5.942 ,  9.334 ,  631 ,  1.563 ,  783 ,  1 , . , . , . ,  4.036 ,  6.318 ,  630 ,  343 ,  2.233 ,  - 
Pública,  2.785 ,  54.382 ,  2.792 ,  2.545 ,  46.596 ,  2.569 , . , . , . , . , . , . ,  240 ,  7.786 ,  223 ,  290 ,  290 ,  211 ,  290 ,  290 ,  211 , . , . , . , . , . , . ,  - ,  - ,  - ,  1.906 ,  3.016 ,  1 ,  1.563 ,  783 ,  1 , . , . , . , . , . , . ,  343 ,  2.233 ,  - 
Federal,  2.235 ,  44.724 ,  2.342 ,  1.995 ,  36.938 ,  2.119 , . , . , . , . , . , . ,  240 ,  7.786 ,  223 ,  290 ,  290 ,  211 ,  290 ,  290 ,  211 , . , . , . , . , . , . ,  - ,  - ,  - ,  983 ,  2.993 ,  1 ,  640 ,  760 ,  1 , . , . , . , . , . , . ,  343 ,  2.233 ,  - 
Estadual,  550 ,  9.658 ,  450 ,  550 ,  9.658 ,  450 , . , . , . , . , . , . , . , . , . ,  - ,  - ,  - ,  - ,  - ,  - , . , . , . , . , . , . , . , . , . ,  923 ,  23 ,  - ,  923 ,  23 ,  - , . , . , . , . , . , . , . , . , . 
Municipal, . , . , . , . , . , . , . , . , . , . , . , . , . , . , . , . , . , . , . , . , . , . , . , . , . , . , . , . , . , . , . , . , . , . , . , . , . , . , . , . , . , . , . , . , . 
Privada,  13.960 ,  23.791 ,  7.855 , . , . , . , . , . , . ,  13.960 ,  23.791 ,  7.855 , . , . , . ,  100 ,  100 ,  98 , . , . , . , . , . , . ,  100 ,  100 ,  98 , . , . , . ,  4.036 ,  6.318 ,  630 , . , . , . , . , . , . ,  4.036 ,  6.318 ,  630 , . , . , . 
Tocantins,  21.432 ,  150.564 ,  13.969 ,  4.220 ,  88.502 ,  3.157 ,  4.140 ,  16.032 ,  3.102 ,  11.822 ,  35.104 ,  6.546 ,  1.250 ,  10.926 ,  1.164 ,  247 ,  252 ,  9 ,  - ,  - ,  - ,  - ,  - ,  - ,  247 ,  252 ,  9 ,  - ,  - ,  - ,  8.454 ,  6.248 ,  1.121 ,  824 ,  3.596 ,  63 ,  1.296 ,  982 ,  353 ,  6.235 ,  1.622 ,  678 ,  99 ,  48 ,  27 
Pública,  8.060 ,  108.113 ,  5.917 ,  4.220 ,  88.502 ,  3.157 ,  1.920 ,  8.303 ,  1.250 ,  670 ,  382 ,  346 ,  1.250 ,  10.926 ,  1.164 ,  - ,  - ,  - ,  - ,  - ,  - ,  - ,  - ,  - ,  - ,  - ,  - ,  - ,  - ,  - ,  2.462 ,  4.321 ,  212 ,  824 ,  3.596 ,  63 ,  884 ,  659 ,  119 ,  655 ,  18 ,  3 ,  99 ,  48 ,  27 
Federal,  4.990 ,  95.897 ,  3.893 ,  3.740 ,  84.971 ,  2.729 , . , . , . , . , . , . ,  1.250 ,  10.926 ,  1.164 ,  - ,  - ,  - ,  - ,  - ,  - , . , . , . , . , . , . ,  - ,  - ,  - ,  535 ,  3.548 ,  60 ,  436 ,  3.500 ,  33 , . , . , . , . , . , . ,  99 ,  48 ,  27 
Estadual,  480 ,  3.531 ,  428 ,  480 ,  3.531 ,  428 , . , . , . , . , . , . , . , . , . ,  - ,  - ,  - ,  - ,  - ,  - , . , . , . , . , . , . , . , . , . ,  388 ,  96 ,  30 ,  388 ,  96 ,  30 , . , . , . , . , . , . , . , . , . 
Municipal,  2.590 ,  8.685 ,  1.596 , . , . , . ,  1.920 ,  8.303 ,  1.250 ,  670 ,  382 ,  346 , . , . , . ,  - ,  - ,  - , . , . , . ,  - ,  - ,  - ,  - ,  - ,  - , . , . , . ,  1.539 ,  677 ,  122 , . , . , . ,  884 ,  659 ,  119 ,  655 ,  18 ,  3 , . , . , . 
Privada,  13.372 ,  42.451 ,  8.052 , . , . , . ,  2.220 ,  7.729 ,  1.852 ,  11.152 ,  34.722 ,  6.200 , . , . , . ,  247 ,  252 ,  9 , . , . , . ,  - ,  - ,  - ,  247 ,  252 ,  9 , . , . , . ,  5.992 ,  1.927 ,  909 , . , . , . ,  412 ,  323 ,  234 ,  5.580 ,  1.604 ,  675 , . , . , . 
Nordeste,  664.071 ,  3.809.557 ,  389.407 ,  185.419 ,  2.399.129 ,  145.607 ,  77.327 ,  192.405 ,  50.199 ,  385.092 ,  710.830 ,  180.008 ,  16.233 ,  507.193 ,  13.593 ,  7.986 ,  6.965 ,  4.468 ,  5.648 ,  5.059 ,  4.108 ,  23 ,  23 ,  - ,  2.047 ,  1.578 ,  97 ,  268 ,  305 ,  263 ,  323.695 ,  242.839 ,  45.921 ,  49.589 ,  55.784 ,  17.752 ,  88.922 ,  77.870 ,  9.492 ,  182.387 ,  105.425 ,  18.100 ,  2.797 ,  3.760 ,  577 
Pública,  143.428 ,  2.756.691 ,  125.964 ,  117.781 ,  2.234.599 ,  107.472 , . , . , . ,  9.414 ,  14.899 ,  4.899 ,  16.233 ,  507.193 ,  13.593 ,  6.159 ,  5.572 ,  4.449 ,  5.648 ,  5.059 ,  4.108 , . , . , . ,  243 ,  208 ,  78 ,  268 ,  305 ,  263 ,  34.285 ,  43.493 ,  8.465 ,  30.621 ,  39.254 ,  7.716 , . , . , . ,  867 ,  479 ,  172 ,  2.797 ,  3.760 ,  577 
Federal,  96.853 ,  2.249.302 ,  85.785 ,  80.620 ,  1.742.109 ,  72.192 , . , . , . , . , . , . ,  16.233 ,  507.193 ,  13.593 ,  2.789 ,  2.379 ,  2.122 ,  2.521 ,  2.074 ,  1.859 , . , . , . , . , . , . ,  268 ,  305 ,  263 ,  22.547 ,  35.885 ,  7.363 ,  19.750 ,  32.125 ,  6.786 , . , . , . , . , . , . ,  2.797 ,  3.760 ,  577 
Estadual,  37.422 ,  492.784 ,  35.361 ,  37.161 ,  492.490 ,  35.280 , . , . , . ,  261 ,  294 ,  81 , . , . , . ,  3.322 ,  3.180 ,  2.327 ,  3.127 ,  2.985 ,  2.249 , . , . , . ,  195 ,  195 ,  78 , . , . , . ,  10.871 ,  7.129 ,  930 ,  10.871 ,  7.129 ,  930 , . , . , . ,  - ,  - ,  - , . , . , . 
Municipal,  9.153 ,  14.605 ,  4.818 , . , . , . , . , . , . ,  9.153 ,  14.605 ,  4.818 , . , . , . ,  48 ,  13 ,  - , . , . , . , . , . , . ,  48 ,  13 ,  - , . , . , . ,  867 ,  479 ,  172 , . , . , . , . , . , . ,  867 ,  479 ,  172 , . , . , . 
Privada,  520.643 ,  1.052.866 ,  263.443 ,  67.638 ,  164.530 ,  38.135 ,  77.327 ,  192.405 ,  50.199 ,  375.678 ,  695.931 ,  175.109 , . , . , . ,  1.827 ,  1.393 ,  19 ,  - ,  - ,  - ,  23 ,  23 ,  - ,  1.804 ,  1.370 ,  19 , . , . , . ,  289.410 ,  199.346 ,  37.456 ,  18.968 ,  16.530 ,  10.036 ,  88.922 ,  77.870 ,  9.492 ,  181.520 ,  104.946 ,  17.928 , . , . , . 
Maranhão,  55.862 ,  199.983 ,  34.964 ,  17.163 ,  72.229 ,  14.420 , . , . , . ,  37.263 ,  87.039 ,  19.427 ,  1.436 ,  40.715 ,  1.117 ,  2.026 ,  1.412 ,  1.384 ,  1.879 ,  1.238 ,  1.238 , . , . , . ,  - ,  - ,  - ,  147 ,  174 ,  146 ,  17.041 ,  12.937 ,  3.862 ,  6.417 ,  3.158 ,  1.582 , . , . , . ,  10.106 ,  9.456 ,  2.212 ,  518 ,  323 ,  68 
Pública,  11.015 ,  77.095 ,  9.083 ,  9.579 ,  36.380 ,  7.966 , . , . , . , . , . , . ,  1.436 ,  40.715 ,  1.117 ,  2.026 ,  1.412 ,  1.384 ,  1.879 ,  1.238 ,  1.238 , . , . , . , . , . , . ,  147 ,  174 ,  146 ,  5.864 ,  2.045 ,  772 ,  5.346 ,  1.722 ,  704 , . , . , . , . , . , . ,  518 ,  323 ,  68 
Federal,  7.332 ,  46.019 ,  6.388 ,  5.896 ,  5.304 ,  5.271 , . , . , . , . , . , . ,  1.436 ,  40.715 ,  1.117 ,  1.994 ,  1.375 ,  1.384 ,  1.847 ,  1.201 ,  1.238 , . , . , . , . , . , . ,  147 ,  174 ,  146 ,  2.340 ,  1.028 ,  757 ,  1.822 ,  705 ,  689 , . , . , . , . , . , . ,  518 ,  323 ,  68 
Estadual,  3.683 ,  31.076 ,  2.695 ,  3.683 ,  31.076 ,  2.695 , . , . , . , . , . , . , . , . , . ,  32 ,  37 ,  - ,  32 ,  37 ,  - , . , . , . , . , . , . , . , . , . ,  3.524 ,  1.017 ,  15 ,  3.524 ,  1.017 ,  15 , . , . , . , . , . , . , . , . , . 
Municipal, . , . , . , . , . , . , . , . , . , . , . , . , . , . , . , . , . , . , . , . , . , . , . , . , . , . , . , . , . , . , . , . , . , . , . , . , . , . , . , . , . , . , . , . , . 
Privada,  44.847 ,  122.888 ,  25.881 ,  7.584 ,  35.849 ,  6.454 , . , . , . ,  37.263 ,  87.039 ,  19.427 , . , . , . ,  - ,  - ,  - ,  - ,  - ,  - , . , . , . ,  - ,  - ,  - , . , . , . ,  11.177 ,  10.892 ,  3.090 ,  1.071 ,  1.436 ,  878 , . , . , . ,  10.106 ,  9.456 ,  2.212 , . , . , . 
Piauí,  39.142 ,  286.380 ,  23.745 ,  9.782 ,  208.806 ,  7.824 ,  2.187 ,  6.257 ,  1.807 ,  25.998 ,  41.906 ,  13.029 ,  1.175 ,  29.411 ,  1.085 ,  1.453 ,  1.319 ,  1.266 ,  1.319 ,  1.278 ,  1.236 ,  - ,  - ,  - ,  94 ,  - ,  - ,  40 ,  41 ,  30 ,  11.749 ,  8.697 ,  1.087 ,  505 ,  954 ,  67 ,  1.076 ,  330 ,  233 ,  10.139 ,  7.384 ,  763 ,  29 ,  29 ,  24 
Pública,  10.957 ,  238.217 ,  8.909 ,  9.782 ,  208.806 ,  7.824 , . , . , . , . , . , . ,  1.175 ,  29.411 ,  1.085 ,  1.359 ,  1.319 ,  1.266 ,  1.319 ,  1.278 ,  1.236 , . , . , . , . , . , . ,  40 ,  41 ,  30 ,  534 ,  983 ,  91 ,  505 ,  954 ,  67 , . , . , . , . , . , . ,  29 ,  29 ,  24 
Federal,  7.807 ,  235.379 ,  6.216 ,  6.632 ,  205.968 ,  5.131 , . , . , . , . , . , . ,  1.175 ,  29.411 ,  1.085 ,  476 ,  477 ,  460 ,  436 ,  436 ,  430 , . , . , . , . , . , . ,  40 ,  41 ,  30 ,  522 ,  969 ,  77 ,  493 ,  940 ,  53 , . , . , . , . , . , . ,  29 ,  29 ,  24 
Estadual,  3.150 ,  2.838 ,  2.693 ,  3.150 ,  2.838 ,  2.693 , . , . , . , . , . , . , . , . , . ,  883 ,  842 ,  806 ,  883 ,  842 ,  806 , . , . , . , . , . , . , . , . , . ,  12 ,  14 ,  14 ,  12 ,  14 ,  14 , . , . , . , . , . , . , . , . , . 
Municipal, . , . , . , . , . , . , . , . , . , . , . , . , . , . , . , . , . , . , . , . , . , . , . , . , . , . , . , . , . , . , . , . , . , . , . , . , . , . , . , . , . , . , . , . , . 
Privada,  28.185 ,  48.163 ,  14.836 , . , . , . ,  2.187 ,  6.257 ,  1.807 ,  25.998 ,  41.906 ,  13.029 , . , . , . ,  94 ,  - ,  - , . , . , . ,  - ,  - ,  - ,  94 ,  - ,  - , . , . , . ,  11.215 ,  7.714 ,  996 , . , . , . ,  1.076 ,  330 ,  233 ,  10.139 ,  7.384 ,  763 , . , . , . 
Ceará,  103.122 ,  672.179 ,  68.630 ,  24.106 ,  314.856 ,  19.481 ,  18.467 ,  82.686 ,  17.326 ,  56.400 ,  98.514 ,  27.919 ,  4.149 ,  176.123 ,  3.904 ,  1.831 ,  1.795 ,  1.309 ,  1.457 ,  1.445 ,  1.305 ,  23 ,  23 ,  - ,  351 ,  327 ,  4 ,  - ,  - ,  - ,  76.896 ,  67.852 ,  9.932 ,  8.084 ,  12.436 ,  3.431 ,  40.634 ,  44.771 ,  3.497 ,  27.800 ,  10.110 ,  2.687 ,  378 ,  535 ,  317 
Pública,  20.921 ,  469.792 ,  18.902 ,  16.772 ,  293.669 ,  14.998 , . , . , . , . , . , . ,  4.149 ,  176.123 ,  3.904 ,  1.457 ,  1.445 ,  1.305 ,  1.457 ,  1.445 ,  1.305 , . , . , . , . , . , . ,  - ,  - ,  - ,  3.369 ,  6.912 ,  2.023 ,  2.991 ,  6.377 ,  1.706 , . , . , . , . , . , . ,  378 ,  535 ,  317 
Federal,  12.729 ,  404.977 ,  11.856 ,  8.580 ,  228.854 ,  7.952 , . , . , . , . , . , . ,  4.149 ,  176.123 ,  3.904 ,  20 ,  18 ,  - ,  20 ,  18 ,  - , . , . , . , . , . , . ,  - ,  - ,  - ,  1.549 ,  4.195 ,  1.464 ,  1.171 ,  3.660 ,  1.147 , . , . , . , . , . , . ,  378 ,  535 ,  317 
Estadual,  8.192 ,  64.815 ,  7.046 ,  8.192 ,  64.815 ,  7.046 , . , . , . , . , . , . , . , . , . ,  1.437 ,  1.427 ,  1.305 ,  1.437 ,  1.427 ,  1.305 , . , . , . , . , . , . , . , . , . ,  1.820 ,  2.717 ,  559 ,  1.820 ,  2.717 ,  559 , . , . , . , . , . , . , . , . , . 
Municipal, . , . , . , . , . , . , . , . , . , . , . , . , . , . , . , . , . , . , . , . , . , . , . , . , . , . , . , . , . , . , . , . , . , . , . , . , . , . , . , . , . , . , . , . , . 
Privada,  82.201 ,  202.387 ,  49.728 ,  7.334 ,  21.187 ,  4.483 ,  18.467 ,  82.686 ,  17.326 ,  56.400 ,  98.514 ,  27.919 , . , . , . ,  374 ,  350 ,  4 ,  - ,  - ,  - ,  23 ,  23 ,  - ,  351 ,  327 ,  4 , . , . , . ,  73.527 ,  60.940 ,  7.909 ,  5.093 ,  6.059 ,  1.725 ,  40.634 ,  44.771 ,  3.497 ,  27.800 ,  10.110 ,  2.687 , . , . , . 
Rio Grande do Norte,  50.492 ,  198.965 ,  29.626 ,  29.054 ,  141.035 ,  20.208 ,  5.270 ,  7.084 ,  2.504 ,  14.321 ,  17.293 ,  5.276 ,  1.847 ,  33.553 ,  1.638 ,  345 ,  275 ,  101 ,  25 ,  23 ,  23 ,  - ,  - ,  - ,  320 ,  252 ,  78 ,  - ,  - ,  - ,  19.822 ,  20.063 ,  3.172 ,  3.528 ,  9.336 ,  1.753 ,  784 ,  676 ,  293 ,  15.342 ,  8.193 ,  1.121 ,  168 ,  1.858 ,  5 
Pública,  15.685 ,  147.035 ,  13.800 ,  13.577 ,  113.188 ,  12.081 , . , . , . ,  261 ,  294 ,  81 ,  1.847 ,  33.553 ,  1.638 ,  220 ,  218 ,  101 ,  25 ,  23 ,  23 , . , . , . ,  195 ,  195 ,  78 ,  - ,  - ,  - ,  2.299 ,  9.793 ,  867 ,  2.131 ,  7.935 ,  862 , . , . , . ,  - ,  - ,  - ,  168 ,  1.858 ,  5 
Federal,  13.212 ,  144.529 ,  11.443 ,  11.365 ,  110.976 ,  9.805 , . , . , . , . , . , . ,  1.847 ,  33.553 ,  1.638 ,  25 ,  23 ,  23 ,  25 ,  23 ,  23 , . , . , . , . , . , . ,  - ,  - ,  - ,  2.042 ,  9.763 ,  838 ,  1.874 ,  7.905 ,  833 , . , . , . , . , . , . ,  168 ,  1.858 ,  5 
Estadual,  2.473 ,  2.506 ,  2.357 ,  2.212 ,  2.212 ,  2.276 , . , . , . ,  261 ,  294 ,  81 , . , . , . ,  195 ,  195 ,  78 ,  - ,  - ,  - , . , . , . ,  195 ,  195 ,  78 , . , . , . ,  257 ,  30 ,  29 ,  257 ,  30 ,  29 , . , . , . ,  - ,  - ,  - , . , . , . 
Municipal, . , . , . , . , . , . , . , . , . , . , . , . , . , . , . , . , . , . , . , . , . , . , . , . , . , . , . , . , . , . , . , . , . , . , . , . , . , . , . , . , . , . , . , . , . 
Privada,  34.807 ,  51.930 ,  15.826 ,  15.477 ,  27.847 ,  8.127 ,  5.270 ,  7.084 ,  2.504 ,  14.060 ,  16.999 ,  5.195 , . , . , . ,  125 ,  57 ,  - ,  - ,  - ,  - ,  - ,  - ,  - ,  125 ,  57 ,  - , . , . , . ,  17.523 ,  10.270 ,  2.305 ,  1.397 ,  1.401 ,  891 ,  784 ,  676 ,  293 ,  15.342 ,  8.193 ,  1.121 , . , . , . 
Paraíba,  55.652 ,  401.242 ,  38.916 ,  15.770 ,  272.701 ,  16.074 ,  7.936 ,  16.359 ,  5.046 ,  29.734 ,  43.948 ,  15.915 ,  2.212 ,  68.234 ,  1.881 ,  108 ,  116 ,  60 ,  42 ,  41 ,  28 ,  - ,  - ,  - ,  35 ,  35 ,  - ,  31 ,  40 ,  32 ,  14.866 ,  10.558 ,  2.077 ,  5.101 ,  4.455 ,  1.084 ,  - ,  - ,  - ,  9.586 ,  5.995 ,  972 ,  179 ,  108 ,  21 
Pública,  17.982 ,  340.935 ,  17.955 ,  15.770 ,  272.701 ,  16.074 , . , . , . , . , . , . ,  2.212 ,  68.234 ,  1.881 ,  73 ,  81 ,  60 ,  42 ,  41 ,  28 , . , . , . , . , . , . ,  31 ,  40 ,  32 ,  5.280 ,  4.563 ,  1.105 ,  5.101 ,  4.455 ,  1.084 , . , . , . , . , . , . ,  179 ,  108 ,  21 
Federal,  14.647 ,  310.524 ,  13.022 ,  12.435 ,  242.290 ,  11.141 , . , . , . , . , . , . ,  2.212 ,  68.234 ,  1.881 ,  73 ,  81 ,  60 ,  42 ,  41 ,  28 , . , . , . , . , . , . ,  31 ,  40 ,  32 ,  4.598 ,  4.147 ,  986 ,  4.419 ,  4.039 ,  965 , . , . , . , . , . , . ,  179 ,  108 ,  21 
Estadual,  3.335 ,  30.411 ,  4.933 ,  3.335 ,  30.411 ,  4.933 , . , . , . , . , . , . , . , . , . ,  - ,  - ,  - ,  - ,  - ,  - , . , . , . , . , . , . , . , . , . ,  682 ,  416 ,  119 ,  682 ,  416 ,  119 , . , . , . , . , . , . , . , . , . 
Municipal, . , . , . , . , . , . , . , . , . , . , . , . , . , . , . , . , . , . , . , . , . , . , . , . , . , . , . , . , . , . , . , . , . , . , . , . , . , . , . , . , . , . , . , . , . 
Privada,  37.670 ,  60.307 ,  20.961 , . , . , . ,  7.936 ,  16.359 ,  5.046 ,  29.734 ,  43.948 ,  15.915 , . , . , . ,  35 ,  35 ,  - , . , . , . ,  - ,  - ,  - ,  35 ,  35 ,  - , . , . , . ,  9.586 ,  5.995 ,  972 , . , . , . ,  - ,  - ,  - ,  9.586 ,  5.995 ,  972 , . , . , . 
Pernambuco,  125.144 ,  587.562 ,  66.420 ,  22.743 ,  433.117 ,  18.482 ,  20.531 ,  17.074 ,  10.326 ,  80.427 ,  112.734 ,  36.250 ,  1.443 ,  24.637 ,  1.362 ,  1.011 ,  779 ,  25 ,  170 ,  28 ,  17 ,  - ,  - ,  - ,  841 ,  751 ,  8 ,  - ,  - ,  - ,  50.177 ,  32.451 ,  5.543 ,  6.766 ,  2.822 ,  1.389 ,  9.089 ,  4.141 ,  202 ,  33.060 ,  24.813 ,  3.896 ,  1.262 ,  675 ,  56 
Pública,  25.219 ,  460.122 ,  21.054 ,  14.623 ,  420.880 ,  14.874 , . , . , . ,  9.153 ,  14.605 ,  4.818 ,  1.443 ,  24.637 ,  1.362 ,  218 ,  41 ,  17 ,  170 ,  28 ,  17 , . , . , . ,  48 ,  13 ,  - ,  - ,  - ,  - ,  5.660 ,  2.655 ,  737 ,  3.531 ,  1.501 ,  509 , . , . , . ,  867 ,  479 ,  172 ,  1.262 ,  675 ,  56 
Federal,  12.595 ,  378.202 ,  12.311 ,  11.152 ,  353.565 ,  10.949 , . , . , . , . , . , . ,  1.443 ,  24.637 ,  1.362 ,  - ,  - ,  - ,  - ,  - ,  - , . , . , . , . , . , . ,  - ,  - ,  - ,  4.485 ,  2.060 ,  562 ,  3.223 ,  1.385 ,  506 , . , . , . , . , . , . ,  1.262 ,  675 ,  56 
Estadual,  3.471 ,  67.315 ,  3.925 ,  3.471 ,  67.315 ,  3.925 , . , . , . , . , . , . , . , . , . ,  170 ,  28 ,  17 ,  170 ,  28 ,  17 , . , . , . , . , . , . , . , . , . ,  308 ,  116 ,  3 ,  308 ,  116 ,  3 , . , . , . , . , . , . , . , . , . 
Municipal,  9.153 ,  14.605 ,  4.818 , . , . , . , . , . , . ,  9.153 ,  14.605 ,  4.818 , . , . , . ,  48 ,  13 ,  - , . , . , . , . , . , . ,  48 ,  13 ,  - , . , . , . ,  867 ,  479 ,  172 , . , . , . , . , . , . ,  867 ,  479 ,  172 , . , . , . 
Privada,  99.925 ,  127.440 ,  45.366 ,  8.120 ,  12.237 ,  3.608 ,  20.531 ,  17.074 ,  10.326 ,  71.274 ,  98.129 ,  31.432 , . , . , . ,  793 ,  738 ,  8 ,  - ,  - ,  - ,  - ,  - ,  - ,  793 ,  738 ,  8 , . , . , . ,  44.517 ,  29.796 ,  4.806 ,  3.235 ,  1.321 ,  880 ,  9.089 ,  4.141 ,  202 ,  32.193 ,  24.334 ,  3.724 , . , . , . 
Alagoas,  34.900 ,  238.623 ,  20.340 ,  7.037 ,  148.360 ,  6.602 ,  7.136 ,  13.171 ,  4.029 ,  19.985 ,  35.985 ,  9.180 ,  742 ,  41.107 ,  529 ,  110 ,  - ,  - ,  - ,  - ,  - ,  - ,  - ,  - ,  110 ,  - ,  - ,  - ,  - ,  - ,  23.668 ,  16.033 ,  2.933 ,  2.823 ,  7.076 ,  447 ,  10.866 ,  1.770 ,  1.502 ,  9.949 ,  7.141 ,  956 ,  30 ,  46 ,  28 
Pública,  7.779 ,  189.467 ,  7.131 ,  7.037 ,  148.360 ,  6.602 , . , . , . , . , . , . ,  742 ,  41.107 ,  529 ,  - ,  - ,  - ,  - ,  - ,  - , . , . , . , . , . , . ,  - ,  - ,  - ,  2.853 ,  7.122 ,  475 ,  2.823 ,  7.076 ,  447 , . , . , . , . , . , . ,  30 ,  46 ,  28 
Federal,  6.239 ,  182.869 ,  5.801 ,  5.497 ,  141.762 ,  5.272 , . , . , . , . , . , . ,  742 ,  41.107 ,  529 ,  - ,  - ,  - ,  - ,  - ,  - , . , . , . , . , . , . ,  - ,  - ,  - ,  2.743 ,  7.096 ,  452 ,  2.713 ,  7.050 ,  424 , . , . , . , . , . , . ,  30 ,  46 ,  28 
Estadual,  1.540 ,  6.598 ,  1.330 ,  1.540 ,  6.598 ,  1.330 , . , . , . , . , . , . , . , . , . ,  - ,  - ,  - ,  - ,  - ,  - , . , . , . , . , . , . , . , . , . ,  110 ,  26 ,  23 ,  110 ,  26 ,  23 , . , . , . , . , . , . , . , . , . 
Municipal, . , . , . , . , . , . , . , . , . , . , . , . , . , . , . , . , . , . , . , . , . , . , . , . , . , . , . , . , . , . , . , . , . , . , . , . , . , . , . , . , . , . , . , . , . 
Privada,  27.121 ,  49.156 ,  13.209 , . , . , . ,  7.136 ,  13.171 ,  4.029 ,  19.985 ,  35.985 ,  9.180 , . , . , . ,  110 ,  - ,  - , . , . , . ,  - ,  - ,  - ,  110 ,  - ,  - , . , . , . ,  20.815 ,  8.911 ,  2.458 , . , . , . ,  10.866 ,  1.770 ,  1.502 ,  9.949 ,  7.141 ,  956 , . , . , . 
Sergipe,  26.922 ,  179.031 ,  18.638 ,  13.908 ,  120.151 ,  10.121 , . , . , . ,  12.115 ,  24.956 ,  7.965 ,  899 ,  33.924 ,  552 ,  100 ,  100 ,  55 ,  - ,  - ,  - , . , . , . ,  50 ,  50 ,  - ,  50 ,  50 ,  55 ,  17.589 ,  17.443 ,  5.302 ,  4.721 ,  5.471 ,  3.713 , . , . , . ,  12.792 ,  11.909 ,  1.557 ,  76 ,  63 ,  32 
Pública,  6.619 ,  137.851 ,  6.067 ,  5.720 ,  103.927 ,  5.515 , . , . , . , . , . , . ,  899 ,  33.924 ,  552 ,  50 ,  50 ,  55 ,  - ,  - ,  - , . , . , . , . , . , . ,  50 ,  50 ,  55 ,  856 ,  1.795 ,  542 ,  780 ,  1.732 ,  510 , . , . , . , . , . , . ,  76 ,  63 ,  32 
Federal,  6.619 ,  137.851 ,  6.067 ,  5.720 ,  103.927 ,  5.515 , . , . , . , . , . , . ,  899 ,  33.924 ,  552 ,  50 ,  50 ,  55 ,  - ,  - ,  - , . , . , . , . , . , . ,  50 ,  50 ,  55 ,  856 ,  1.795 ,  542 ,  780 ,  1.732 ,  510 , . , . , . , . , . , . ,  76 ,  63 ,  32 
Estadual, . , . , . , . , . , . , . , . , . , . , . , . , . , . , . , . , . , . , . , . , . , . , . , . , . , . , . , . , . , . , . , . , . , . , . , . , . , . , . , . , . , . , . , . , . 
Municipal, . , . , . , . , . , . , . , . , . , . , . , . , . , . , . , . , . , . , . , . , . , . , . , . , . , . , . , . , . , . , . , . , . , . , . , . , . , . , . , . , . , . , . , . , . 
Privada,  20.303 ,  41.180 ,  12.571 ,  8.188 ,  16.224 ,  4.606 , . , . , . ,  12.115 ,  24.956 ,  7.965 , . , . , . ,  50 ,  50 ,  - ,  - ,  - ,  - , . , . , . ,  50 ,  50 ,  - , . , . , . ,  16.733 ,  15.648 ,  4.760 ,  3.941 ,  3.739 ,  3.203 , . , . , . ,  12.792 ,  11.909 ,  1.557 , . , . , . 
Bahia,  172.835 ,  1.045.592 ,  88.128 ,  45.856 ,  687.874 ,  32.395 ,  15.800 ,  49.774 ,  9.161 ,  108.849 ,  248.455 ,  45.047 ,  2.330 ,  59.489 ,  1.525 ,  1.002 ,  1.169 ,  268 ,  756 ,  1.006 ,  261 ,  - ,  - ,  - ,  246 ,  163 ,  7 ,  - ,  - ,  - ,  91.887 ,  56.805 ,  12.013 ,  11.644 ,  10.076 ,  4.286 ,  26.473 ,  26.182 ,  3.765 ,  53.613 ,  20.424 ,  3.936 ,  157 ,  123 ,  26 
Pública,  27.251 ,  696.177 ,  23.063 ,  24.921 ,  636.688 ,  21.538 , . , . , . , . , . , . ,  2.330 ,  59.489 ,  1.525 ,  756 ,  1.006 ,  261 ,  756 ,  1.006 ,  261 , . , . , . , . , . , . ,  - ,  - ,  - ,  7.570 ,  7.625 ,  1.853 ,  7.413 ,  7.502 ,  1.827 , . , . , . , . , . , . ,  157 ,  123 ,  26 
Federal,  15.673 ,  408.952 ,  12.681 ,  13.343 ,  349.463 ,  11.156 , . , . , . , . , . , . ,  2.330 ,  59.489 ,  1.525 ,  151 ,  355 ,  140 ,  151 ,  355 ,  140 , . , . , . , . , . , . ,  - ,  - ,  - ,  3.412 ,  4.832 ,  1.685 ,  3.255 ,  4.709 ,  1.659 , . , . , . , . , . , . ,  157 ,  123 ,  26 
Estadual,  11.578 ,  287.225 ,  10.382 ,  11.578 ,  287.225 ,  10.382 , . , . , . , . , . , . , . , . , . ,  605 ,  651 ,  121 ,  605 ,  651 ,  121 , . , . , . , . , . , . , . , . , . ,  4.158 ,  2.793 ,  168 ,  4.158 ,  2.793 ,  168 , . , . , . , . , . , . , . , . , . 
Municipal, . , . , . , . , . , . , . , . , . , . , . , . , . , . , . , . , . , . , . , . , . , . , . , . , . , . , . , . , . , . , . , . , . , . , . , . , . , . , . , . , . , . , . , . , . 
Privada,  145.584 ,  349.415 ,  65.065 ,  20.935 ,  51.186 ,  10.857 ,  15.800 ,  49.774 ,  9.161 ,  108.849 ,  248.455 ,  45.047 , . , . , . ,  246 ,  163 ,  7 ,  - ,  - ,  - ,  - ,  - ,  - ,  246 ,  163 ,  7 , . , . , . ,  84.317 ,  49.180 ,  10.160 ,  4.231 ,  2.574 ,  2.459 ,  26.473 ,  26.182 ,  3.765 ,  53.613 ,  20.424 ,  3.936 , . , . , . 
Sudeste,  1.987.195 ,  5.787.654 ,  939.520 ,  894.126 ,  3.779.351 ,  464.534 ,  373.429 ,  537.920 ,  168.931 ,  703.010 ,  1.069.736 ,  289.920 ,  16.630 ,  400.647 ,  16.135 ,  5.826 ,  5.596 ,  2.720 ,  2.545 ,  2.950 ,  2.178 ,  190 ,  99 ,  59 ,  2.875 ,  2.426 ,  402 ,  216 ,  121 ,  81 ,  1.112.204 ,  402.842 ,  136.090 ,  537.667 ,  225.226 ,  79.861 ,  209.276 ,  88.164 ,  33.667 ,  360.591 ,  87.705 ,  21.861 ,  4.670 ,  1.747 ,  701 
Pública,  190.937 ,  3.056.311 ,  155.804 ,  119.987 ,  2.475.112 ,  103.094 ,  4.222 ,  17.702 ,  2.009 ,  50.098 ,  162.850 ,  34.566 ,  16.630 ,  400.647 ,  16.135 ,  2.513 ,  2.324 ,  1.768 ,  1.999 ,  2.141 ,  1.636 ,  45 ,  45 ,  43 ,  253 ,  17 ,  8 ,  216 ,  121 ,  81 ,  58.264 ,  40.005 ,  16.819 ,  45.812 ,  34.855 ,  15.193 ,  270 ,  165 ,  91 ,  7.512 ,  3.238 ,  834 ,  4.670 ,  1.747 ,  701 
Federal,  90.480 ,  2.335.934 ,  83.916 ,  73.386 ,  1.919.536 ,  67.345 , . , . , . ,  464 ,  15.751 ,  436 ,  16.630 ,  400.647 ,  16.135 ,  823 ,  846 ,  435 ,  599 ,  717 ,  346 , . , . , . ,  8 ,  8 ,  8 ,  216 ,  121 ,  81 ,  39.608 ,  29.019 ,  11.134 ,  34.761 ,  27.100 ,  10.375 , . , . , . ,  177 ,  172 ,  58 ,  4.670 ,  1.747 ,  701 
Estadual,  71.726 ,  663.835 ,  57.104 ,  38.829 ,  536.424 ,  30.340 ,  600 ,  7.861 ,  540 ,  32.297 ,  119.550 ,  26.224 , . , . , . ,  1.642 ,  1.433 ,  1.290 ,  1.400 ,  1.424 ,  1.290 ,  - ,  - ,  - ,  242 ,  9 ,  - , . , . , . ,  12.393 ,  8.268 ,  4.472 ,  8.201 ,  6.077 ,  3.915 ,  120 ,  51 ,  41 ,  4.072 ,  2.140 ,  516 , . , . , . 
Municipal,  28.731 ,  56.542 ,  14.784 ,  7.772 ,  19.152 ,  5.409 ,  3.622 ,  9.841 ,  1.469 ,  17.337 ,  27.549 ,  7.906 , . , . , . ,  48 ,  45 ,  43 ,  - ,  - ,  - ,  45 ,  45 ,  43 ,  3 ,  - ,  - , . , . , . ,  6.263 ,  2.718 ,  1.213 ,  2.850 ,  1.678 ,  903 ,  150 ,  114 ,  50 ,  3.263 ,  926 ,  260 , . , . , . 
Privada,  1.796.258 ,  2.731.343 ,  783.716 ,  774.139 ,  1.304.239 ,  361.440 ,  369.207 ,  520.218 ,  166.922 ,  652.912 ,  906.886 ,  255.354 , . , . , . ,  3.313 ,  3.272 ,  952 ,  546 ,  809 ,  542 ,  145 ,  54 ,  16 ,  2.622 ,  2.409 ,  394 , . , . , . ,  1.053.940 ,  362.837 ,  119.271 ,  491.855 ,  190.371 ,  64.668 ,  209.006 ,  87.999 ,  33.576 ,  353.079 ,  84.467 ,  21.027 , . , . , . 
Minas Gerais,  334.240 ,  1.527.372 ,  181.833 ,  94.231 ,  1.046.234 ,  62.223 ,  64.689 ,  99.517 ,  37.893 ,  168.201 ,  272.678 ,  74.854 ,  7.119 ,  108.943 ,  6.863 ,  745 ,  775 ,  204 ,  408 ,  478 ,  201 ,  - ,  - ,  - ,  252 ,  291 ,  3 ,  85 ,  6 ,  - ,  142.247 ,  72.992 ,  30.810 ,  39.430 ,  22.494 ,  12.375 ,  38.158 ,  27.027 ,  8.306 ,  62.066 ,  22.560 ,  9.759 ,  2.593 ,  911 ,  370 
Pública,  52.572 ,  1.048.870 ,  44.844 ,  45.066 ,  938.755 ,  37.697 , . , . , . ,  387 ,  1.172 ,  284 ,  7.119 ,  108.943 ,  6.863 ,  482 ,  473 ,  201 ,  397 ,  467 ,  201 , . , . , . ,  - ,  - ,  - ,  85 ,  6 ,  - ,  25.714 ,  15.223 ,  7.315 ,  23.068 ,  14.296 ,  6.929 , . , . , . ,  53 ,  16 ,  16 ,  2.593 ,  911 ,  370 
Federal,  42.789 ,  1.008.927 ,  39.591 ,  35.670 ,  899.984 ,  32.728 , . , . , . , . , . , . ,  7.119 ,  108.943 ,  6.863 ,  451 ,  440 ,  199 ,  366 ,  434 ,  199 , . , . , . , . , . , . ,  85 ,  6 ,  - ,  24.024 ,  12.429 ,  4.963 ,  21.431 ,  11.518 ,  4.593 , . , . , . , . , . , . ,  2.593 ,  911 ,  370 
Estadual,  9.543 ,  39.782 ,  5.107 ,  9.396 ,  38.771 ,  4.969 , . , . , . ,  147 ,  1.011 ,  138 , . , . , . ,  31 ,  33 ,  2 ,  31 ,  33 ,  2 , . , . , . ,  - ,  - ,  - , . , . , . ,  1.664 ,  2.778 ,  2.336 ,  1.637 ,  2.778 ,  2.336 , . , . , . ,  27 ,  - ,  - , . , . , . 
Municipal,  240 ,  161 ,  146 , . , . , . , . , . , . ,  240 ,  161 ,  146 , . , . , . ,  - ,  - ,  - , . , . , . , . , . , . ,  - ,  - ,  - , . , . , . ,  26 ,  16 ,  16 , . , . , . , . , . , . ,  26 ,  16 ,  16 , . , . , . 
Privada,  281.668 ,  478.502 ,  136.989 ,  49.165 ,  107.479 ,  24.526 ,  64.689 ,  99.517 ,  37.893 ,  167.814 ,  271.506 ,  74.570 , . , . , . ,  263 ,  302 ,  3 ,  11 ,  11 ,  - ,  - ,  - ,  - ,  252 ,  291 ,  3 , . , . , . ,  116.533 ,  57.769 ,  23.495 ,  16.362 ,  8.198 ,  5.446 ,  38.158 ,  27.027 ,  8.306 ,  62.013 ,  22.544 ,  9.743 , . , . , . 
Espírito Santo,  63.850 ,  221.466 ,  33.444 ,  8.260 ,  64.371 ,  6.627 ,  3.880 ,  7.947 ,  1.933 ,  50.150 ,  101.686 ,  23.456 ,  1.560 ,  47.462 ,  1.428 ,  811 ,  1.111 ,  379 ,  120 ,  192 ,  116 ,  - ,  - ,  - ,  571 ,  815 ,  182 ,  120 ,  104 ,  81 ,  28.439 ,  28.924 ,  4.837 ,  2.430 ,  5.566 ,  1.255 ,  802 ,  191 ,  78 ,  24.743 ,  22.833 ,  3.410 ,  464 ,  334 ,  94 
Pública,  7.530 ,  77.680 ,  5.618 ,  5.130 ,  29.819 ,  3.969 , . , . , . ,  840 ,  399 ,  221 ,  1.560 ,  47.462 ,  1.428 ,  240 ,  296 ,  197 ,  120 ,  192 ,  116 , . , . , . ,  - ,  - ,  - ,  120 ,  104 ,  81 ,  1.747 ,  3.901 ,  610 ,  1.245 ,  3.560 ,  516 , . , . , . ,  38 ,  7 ,  - ,  464 ,  334 ,  94 
Federal,  6.690 ,  77.281 ,  5.397 ,  5.130 ,  29.819 ,  3.969 , . , . , . , . , . , . ,  1.560 ,  47.462 ,  1.428 ,  240 ,  296 ,  197 ,  120 ,  192 ,  116 , . , . , . , . , . , . ,  120 ,  104 ,  81 ,  1.709 ,  3.894 ,  610 ,  1.245 ,  3.560 ,  516 , . , . , . , . , . , . ,  464 ,  334 ,  94 
Estadual,  100 ,  166 ,  73 , . , . , . , . , . , . ,  100 ,  166 ,  73 , . , . , . ,  - ,  - ,  - , . , . , . , . , . , . ,  - ,  - ,  - , . , . , . ,  38 ,  7 ,  - , . , . , . , . , . , . ,  38 ,  7 ,  - , . , . , . 
Municipal,  740 ,  233 ,  148 , . , . , . , . , . , . ,  740 ,  233 ,  148 , . , . , . ,  - ,  - ,  - , . , . , . , . , . , . ,  - ,  - ,  - , . , . , . ,  - ,  - ,  - , . , . , . , . , . , . ,  - ,  - ,  - , . , . , . 
Privada,  56.320 ,  143.786 ,  27.826 ,  3.130 ,  34.552 ,  2.658 ,  3.880 ,  7.947 ,  1.933 ,  49.310 ,  101.287 ,  23.235 , . , . , . ,  571 ,  815 ,  182 ,  - ,  - ,  - ,  - ,  - ,  - ,  571 ,  815 ,  182 , . , . , . ,  26.692 ,  25.023 ,  4.227 ,  1.185 ,  2.006 ,  739 ,  802 ,  191 ,  78 ,  24.705 ,  22.826 ,  3.410 , . , . , . 
Rio de Janeiro,  300.470 ,  1.399.955 ,  164.374 ,  183.489 ,  1.146.169 ,  112.048 ,  64.504 ,  83.486 ,  28.153 ,  48.337 ,  80.988 ,  20.510 ,  4.140 ,  89.312 ,  3.663 ,  2.069 ,  2.475 ,  1.922 ,  1.897 ,  2.249 ,  1.861 ,  48 ,  45 ,  43 ,  121 ,  178 ,  18 ,  3 ,  3 ,  - ,  318.135 ,  120.504 ,  36.548 ,  200.152 ,  98.778 ,  25.992 ,  82.427 ,  11.987 ,  7.772 ,  34.002 ,  9.274 ,  2.576 ,  1.554 ,  465 ,  208 
Pública,  39.633 ,  952.646 ,  34.335 ,  32.119 ,  836.128 ,  27.830 ,  600 ,  7.861 ,  540 ,  2.774 ,  19.345 ,  2.302 ,  4.140 ,  89.312 ,  3.663 ,  1.433 ,  1.499 ,  1.362 ,  1.382 ,  1.451 ,  1.319 ,  45 ,  45 ,  43 ,  3 ,  - ,  - ,  3 ,  3 ,  - ,  8.579 ,  9.642 ,  3.364 ,  6.610 ,  8.867 ,  3.093 ,  120 ,  51 ,  41 ,  295 ,  259 ,  22 ,  1.554 ,  465 ,  208 
Federal,  29.406 ,  872.682 ,  27.255 ,  24.972 ,  774.898 ,  23.325 , . , . , . ,  294 ,  8.472 ,  267 ,  4.140 ,  89.312 ,  3.663 ,  56 ,  94 ,  31 ,  53 ,  91 ,  31 , . , . , . ,  - ,  - ,  - ,  3 ,  3 ,  - ,  8.035 ,  9.162 ,  3.150 ,  6.356 ,  8.577 ,  2.936 , . , . , . ,  125 ,  120 ,  6 ,  1.554 ,  465 ,  208 
Estadual,  9.380 ,  77.685 ,  6.294 ,  7.147 ,  61.230 ,  4.505 ,  600 ,  7.861 ,  540 ,  1.633 ,  8.594 ,  1.249 , . , . , . ,  1.329 ,  1.360 ,  1.288 ,  1.329 ,  1.360 ,  1.288 ,  - ,  - ,  - ,  - ,  - ,  - , . , . , . ,  441 ,  381 ,  198 ,  254 ,  290 ,  157 ,  120 ,  51 ,  41 ,  67 ,  40 ,  - , . , . , . 
Municipal,  847 ,  2.279 ,  786 , . , . , . ,  - ,  - ,  - ,  847 ,  2.279 ,  786 , . , . , . ,  48 ,  45 ,  43 , . , . , . ,  45 ,  45 ,  43 ,  3 ,  - ,  - , . , . , . ,  103 ,  99 ,  16 , . , . , . ,  - ,  - ,  - ,  103 ,  99 ,  16 , . , . , . 
Privada,  260.837 ,  447.309 ,  130.039 ,  151.370 ,  310.041 ,  84.218 ,  63.904 ,  75.625 ,  27.613 ,  45.563 ,  61.643 ,  18.208 , . , . , . ,  636 ,  976 ,  560 ,  515 ,  798 ,  542 ,  3 ,  - ,  - ,  118 ,  178 ,  18 , . , . , . ,  309.556 ,  110.862 ,  33.184 ,  193.542 ,  89.911 ,  22.899 ,  82.307 ,  11.936 ,  7.731 ,  33.707 ,  9.015 ,  2.554 , . , . , . 
São Paulo,  1.288.635 ,  2.638.861 ,  559.869 ,  608.146 ,  1.522.577 ,  283.636 ,  240.356 ,  346.970 ,  100.952 ,  436.322 ,  614.384 ,  171.100 ,  3.811 ,  154.930 ,  4.181 ,  2.201 ,  1.235 ,  215 ,  120 ,  31 ,  - ,  142 ,  54 ,  16 ,  1.931 ,  1.142 ,  199 ,  8 ,  8 ,  - ,  623.383 ,  180.422 ,  63.895 ,  295.655 ,  98.388 ,  40.239 ,  87.889 ,  48.959 ,  17.511 ,  239.780 ,  33.038 ,  6.116 ,  59 ,  37 ,  29 
Pública,  91.202 ,  977.115 ,  71.007 ,  37.672 ,  670.410 ,  33.598 ,  3.622 ,  9.841 ,  1.469 ,  46.097 ,  141.934 ,  31.759 ,  3.811 ,  154.930 ,  4.181 ,  358 ,  56 ,  8 ,  100 ,  31 ,  - ,  - ,  - ,  - ,  250 ,  17 ,  8 ,  8 ,  8 ,  - ,  22.224 ,  11.239 ,  5.530 ,  14.889 ,  8.132 ,  4.655 ,  150 ,  114 ,  50 ,  7.126 ,  2.956 ,  796 ,  59 ,  37 ,  29 
Federal,  11.595 ,  377.044 ,  11.673 ,  7.614 ,  214.835 ,  7.323 , . , . , . ,  170 ,  7.279 ,  169 ,  3.811 ,  154.930 ,  4.181 ,  76 ,  16 ,  8 ,  60 ,  - ,  - , . , . , . ,  8 ,  8 ,  8 ,  8 ,  8 ,  - ,  5.840 ,  3.534 ,  2.411 ,  5.729 ,  3.445 ,  2.330 , . , . , . ,  52 ,  52 ,  52 ,  59 ,  37 ,  29 
Estadual,  52.703 ,  546.202 ,  45.630 ,  22.286 ,  436.423 ,  20.866 , . , . , . ,  30.417 ,  109.779 ,  24.764 , . , . , . ,  282 ,  40 ,  - ,  40 ,  31 ,  - , . , . , . ,  242 ,  9 ,  - , . , . , . ,  10.250 ,  5.102 ,  1.938 ,  6.310 ,  3.009 ,  1.422 , . , . , . ,  3.940 ,  2.093 ,  516 , . , . , . 
Municipal,  26.904 ,  53.869 ,  13.704 ,  7.772 ,  19.152 ,  5.409 ,  3.622 ,  9.841 ,  1.469 ,  15.510 ,  24.876 ,  6.826 , . , . , . ,  - ,  - ,  - ,  - ,  - ,  - ,  - ,  - ,  - ,  - ,  - ,  - , . , . , . ,  6.134 ,  2.603 ,  1.181 ,  2.850 ,  1.678 ,  903 ,  150 ,  114 ,  50 ,  3.134 ,  811 ,  228 , . , . , . 
Privada,  1.197.433 ,  1.661.746 ,  488.862 ,  570.474 ,  852.167 ,  250.038 ,  236.734 ,  337.129 ,  99.483 ,  390.225 ,  472.450 ,  139.341 , . , . , . ,  1.843 ,  1.179 ,  207 ,  20 ,  - ,  - ,  142 ,  54 ,  16 ,  1.681 ,  1.125 ,  191 , . , . , . ,  601.159 ,  169.183 ,  58.365 ,  280.766 ,  90.256 ,  35.584 ,  87.739 ,  48.845 ,  17.461 ,  232.654 ,  30.082 ,  5.320 , . , . , . 
Sul,  524.019 ,  1.668.254 ,  283.018 ,  234.573 ,  1.168.334 ,  161.069 ,  65.173 ,  112.312 ,  32.204 ,  215.915 ,  271.153 ,  82.245 ,  8.358 ,  116.455 ,  7.500 ,  3.725 ,  3.863 ,  1.303 ,  2.435 ,  2.734 ,  1.153 ,  - ,  - ,  - ,  1.035 ,  560 ,  20 ,  255 ,  569 ,  130 ,  309.390 ,  112.862 ,  48.658 ,  155.725 ,  54.889 ,  29.481 ,  40.112 ,  16.307 ,  5.687 ,  111.343 ,  39.988 ,  12.952 ,  2.210 ,  1.678 ,  538 
Pública,  91.783 ,  973.794 ,  80.062 ,  79.618 ,  852.516 ,  70.438 ,  2.607 ,  3.936 ,  1.568 ,  1.200 ,  887 ,  556 ,  8.358 ,  116.455 ,  7.500 ,  2.588 ,  3.211 ,  1.223 ,  2.333 ,  2.642 ,  1.093 ,  - ,  - ,  - ,  - ,  - ,  - ,  255 ,  569 ,  130 ,  36.846 ,  19.390 ,  9.338 ,  33.768 ,  17.488 ,  8.721 ,  821 ,  205 ,  57 ,  47 ,  19 ,  22 ,  2.210 ,  1.678 ,  538 
Federal,  56.279 ,  707.913 ,  52.160 ,  47.921 ,  591.458 ,  44.660 , . , . , . , . , . , . ,  8.358 ,  116.455 ,  7.500 ,  1.586 ,  2.207 ,  948 ,  1.331 ,  1.638 ,  818 , . , . , . , . , . , . ,  255 ,  569 ,  130 ,  23.201 ,  13.587 ,  7.302 ,  20.991 ,  11.909 ,  6.764 , . , . , . , . , . , . ,  2.210 ,  1.678 ,  538 
Estadual,  23.214 ,  247.715 ,  20.548 ,  23.214 ,  247.715 ,  20.548 , . , . , . , . , . , . , . , . , . ,  728 ,  750 ,  208 ,  728 ,  750 ,  208 , . , . , . , . , . , . , . , . , . ,  6.813 ,  3.351 ,  1.153 ,  6.813 ,  3.351 ,  1.153 , . , . , . , . , . , . , . , . , . 
Municipal,  12.290 ,  18.166 ,  7.354 ,  8.483 ,  13.343 ,  5.230 ,  2.607 ,  3.936 ,  1.568 ,  1.200 ,  887 ,  556 , . , . , . ,  274 ,  254 ,  67 ,  274 ,  254 ,  67 ,  - ,  - ,  - ,  - ,  - ,  - , . , . , . ,  6.832 ,  2.452 ,  883 ,  5.964 ,  2.228 ,  804 ,  821 ,  205 ,  57 ,  47 ,  19 ,  22 , . , . , . 
Privada,  432.236 ,  694.460 ,  202.956 ,  154.955 ,  315.818 ,  90.631 ,  62.566 ,  108.376 ,  30.636 ,  214.715 ,  270.266 ,  81.689 , . , . , . ,  1.137 ,  652 ,  80 ,  102 ,  92 ,  60 ,  - ,  - ,  - ,  1.035 ,  560 ,  20 , . , . , . ,  272.544 ,  93.472 ,  39.320 ,  121.957 ,  37.401 ,  20.760 ,  39.291 ,  16.102 ,  5.630 ,  111.296 ,  39.969 ,  12.930 , . , . , . 
Paraná,  224.407 ,  748.470 ,  119.256 ,  85.010 ,  542.242 ,  59.758 ,  27.228 ,  57.034 ,  15.770 ,  110.877 ,  145.159 ,  42.534 ,  1.292 ,  4.035 ,  1.194 ,  1.633 ,  1.767 ,  582 ,  1.173 ,  1.598 ,  580 ,  - ,  - ,  - ,  454 ,  163 ,  - ,  6 ,  6 ,  2 ,  103.554 ,  31.205 ,  12.412 ,  26.430 ,  9.038 ,  4.720 ,  12.075 ,  5.751 ,  2.464 ,  64.938 ,  16.363 ,  5.193 ,  111 ,  53 ,  35 
Pública,  39.391 ,  450.394 ,  35.033 ,  36.289 ,  444.882 ,  33.348 ,  1.010 ,  990 ,  331 ,  800 ,  487 ,  160 ,  1.292 ,  4.035 ,  1.194 ,  1.179 ,  1.604 ,  582 ,  1.173 ,  1.598 ,  580 ,  - ,  - ,  - ,  - ,  - ,  - ,  6 ,  6 ,  2 ,  8.693 ,  4.080 ,  1.957 ,  8.257 ,  4.008 ,  1.900 ,  278 ,  - ,  - ,  47 ,  19 ,  22 ,  111 ,  53 ,  35 
Federal,  19.102 ,  263.583 ,  18.073 ,  17.810 ,  259.548 ,  16.879 , . , . , . , . , . , . ,  1.292 ,  4.035 ,  1.194 ,  451 ,  854 ,  374 ,  445 ,  848 ,  372 , . , . , . , . , . , . ,  6 ,  6 ,  2 ,  3.520 ,  1.714 ,  1.116 ,  3.409 ,  1.661 ,  1.081 , . , . , . , . , . , . ,  111 ,  53 ,  35 
Estadual,  18.479 ,  185.334 ,  16.469 ,  18.479 ,  185.334 ,  16.469 , . , . , . , . , . , . , . , . , . ,  728 ,  750 ,  208 ,  728 ,  750 ,  208 , . , . , . , . , . , . , . , . , . ,  4.848 ,  2.347 ,  819 ,  4.848 ,  2.347 ,  819 , . , . , . , . , . , . , . , . , . 
Municipal,  1.810 ,  1.477 ,  491 , . , . , . ,  1.010 ,  990 ,  331 ,  800 ,  487 ,  160 , . , . , . ,  - ,  - ,  - , . , . , . ,  - ,  - ,  - ,  - ,  - ,  - , . , . , . ,  325 ,  19 ,  22 , . , . , . ,  278 ,  - ,  - ,  47 ,  19 ,  22 , . , . , . 
Privada,  185.016 ,  298.076 ,  84.223 ,  48.721 ,  97.360 ,  26.410 ,  26.218 ,  56.044 ,  15.439 ,  110.077 ,  144.672 ,  42.374 , . , . , . ,  454 ,  163 ,  - ,  - ,  - ,  - ,  - ,  - ,  - ,  454 ,  163 ,  - , . , . , . ,  94.861 ,  27.125 ,  10.455 ,  18.173 ,  5.030 ,  2.820 ,  11.797 ,  5.751 ,  2.464 ,  64.891 ,  16.344 ,  5.171 , . , . , . 
Santa Catarina,  108.169 ,  269.210 ,  64.688 ,  50.464 ,  173.922 ,  37.854 ,  14.492 ,  23.729 ,  9.669 ,  40.454 ,  42.413 ,  14.656 ,  2.759 ,  29.146 ,  2.509 ,  636 ,  420 ,  69 ,  278 ,  261 ,  67 ,  - ,  - ,  - ,  330 ,  146 ,  2 ,  28 ,  13 ,  - ,  76.627 ,  30.492 ,  12.996 ,  49.516 ,  17.544 ,  8.466 ,  11.562 ,  6.067 ,  1.690 ,  14.430 ,  5.930 ,  2.624 ,  1.119 ,  951 ,  216 
Pública,  23.755 ,  128.123 ,  18.762 ,  18.999 ,  95.631 ,  14.620 ,  1.597 ,  2.946 ,  1.237 ,  400 ,  400 ,  396 ,  2.759 ,  29.146 ,  2.509 ,  306 ,  274 ,  67 ,  278 ,  261 ,  67 ,  - ,  - ,  - ,  - ,  - ,  - ,  28 ,  13 ,  - ,  14.796 ,  6.593 ,  3.244 ,  13.134 ,  5.437 ,  2.971 ,  543 ,  205 ,  57 ,  - ,  - ,  - ,  1.119 ,  951 ,  216 
Federal,  10.180 ,  78.864 ,  9.157 ,  7.421 ,  49.718 ,  6.648 , . , . , . , . , . , . ,  2.759 ,  29.146 ,  2.509 ,  32 ,  20 ,  - ,  4 ,  7 ,  - , . , . , . , . , . , . ,  28 ,  13 ,  - ,  6.871 ,  3.551 ,  2.199 ,  5.752 ,  2.600 ,  1.983 , . , . , . , . , . , . ,  1.119 ,  951 ,  216 
Estadual,  3.095 ,  32.570 ,  2.742 ,  3.095 ,  32.570 ,  2.742 , . , . , . , . , . , . , . , . , . ,  - ,  - ,  - ,  - ,  - ,  - , . , . , . , . , . , . , . , . , . ,  1.418 ,  609 ,  184 ,  1.418 ,  609 ,  184 , . , . , . , . , . , . , . , . , . 
Municipal,  10.480 ,  16.689 ,  6.863 ,  8.483 ,  13.343 ,  5.230 ,  1.597 ,  2.946 ,  1.237 ,  400 ,  400 ,  396 , . , . , . ,  274 ,  254 ,  67 ,  274 ,  254 ,  67 ,  - ,  - ,  - ,  - ,  - ,  - , . , . , . ,  6.507 ,  2.433 ,  861 ,  5.964 ,  2.228 ,  804 ,  543 ,  205 ,  57 ,  - ,  - ,  - , . , . , . 
Privada,  84.414 ,  141.087 ,  45.926 ,  31.465 ,  78.291 ,  23.234 ,  12.895 ,  20.783 ,  8.432 ,  40.054 ,  42.013 ,  14.260 , . , . , . ,  330 ,  146 ,  2 ,  - ,  - ,  - ,  - ,  - ,  - ,  330 ,  146 ,  2 , . , . , . ,  61.831 ,  23.899 ,  9.752 ,  36.382 ,  12.107 ,  5.495 ,  11.019 ,  5.862 ,  1.633 ,  14.430 ,  5.930 ,  2.624 , . , . , . 
Rio Grande do Sul,  191.443 ,  650.574 ,  99.074 ,  99.099 ,  452.170 ,  63.457 ,  23.453 ,  31.549 ,  6.765 ,  64.584 ,  83.581 ,  25.055 ,  4.307 ,  83.274 ,  3.797 ,  1.456 ,  1.676 ,  652 ,  984 ,  875 ,  506 ,  - ,  - ,  - ,  251 ,  251 ,  18 ,  221 ,  550 ,  128 ,  129.209 ,  51.165 ,  23.250 ,  79.779 ,  28.307 ,  16.295 ,  16.475 ,  4.489 ,  1.533 ,  31.975 ,  17.695 ,  5.135 ,  980 ,  674 ,  287 
Pública,  28.637 ,  395.277 ,  26.267 ,  24.330 ,  312.003 ,  22.470 , . , . , . , . , . , . ,  4.307 ,  83.274 ,  3.797 ,  1.103 ,  1.333 ,  574 ,  882 ,  783 ,  446 , . , . , . , . , . , . ,  221 ,  550 ,  128 ,  13.357 ,  8.717 ,  4.137 ,  12.377 ,  8.043 ,  3.850 , . , . , . , . , . , . ,  980 ,  674 ,  287 
Federal,  26.997 ,  365.466 ,  24.930 ,  22.690 ,  282.192 ,  21.133 , . , . , . , . , . , . ,  4.307 ,  83.274 ,  3.797 ,  1.103 ,  1.333 ,  574 ,  882 ,  783 ,  446 , . , . , . , . , . , . ,  221 ,  550 ,  128 ,  12.810 ,  8.322 ,  3.987 ,  11.830 ,  7.648 ,  3.700 , . , . , . , . , . , . ,  980 ,  674 ,  287 
Estadual,  1.640 ,  29.811 ,  1.337 ,  1.640 ,  29.811 ,  1.337 , . , . , . , . , . , . , . , . , . ,  - ,  - ,  - ,  - ,  - ,  - , . , . , . , . , . , . , . , . , . ,  547 ,  395 ,  150 ,  547 ,  395 ,  150 , . , . , . , . , . , . , . , . , . 
Municipal, . , . , . , . , . , . , . , . , . , . , . , . , . , . , . , . , . , . , . , . , . , . , . , . , . , . , . , . , . , . , . , . , . , . , . , . , . , . , . , . , . , . , . , . , . 
Privada,  162.806 ,  255.297 ,  72.807 ,  74.769 ,  140.167 ,  40.987 ,  23.453 ,  31.549 ,  6.765 ,  64.584 ,  83.581 ,  25.055 , . , . , . ,  353 ,  343 ,  78 ,  102 ,  92 ,  60 ,  - ,  - ,  - ,  251 ,  251 ,  18 , . , . , . ,  115.852 ,  42.448 ,  19.113 ,  67.402 ,  20.264 ,  12.445 ,  16.475 ,  4.489 ,  1.533 ,  31.975 ,  17.695 ,  5.135 , . , . , . 
Centro-Oeste,  359.371 ,  1.325.433 ,  192.242 ,  119.268 ,  816.851 ,  80.360 ,  74.734 ,  167.998 ,  41.206 ,  158.536 ,  238.749 ,  64.888 ,  6.833 ,  101.835 ,  5.788 ,  5.326 ,  31.441 ,  392 ,  4.236 ,  30.804 ,  391 ,  355 ,  - ,  - ,  735 ,  637 ,  1 ,  - ,  - ,  - ,  149.099 ,  90.864 ,  21.772 ,  31.080 ,  38.922 ,  9.095 ,  19.724 ,  15.942 ,  6.153 ,  96.334 ,  34.353 ,  6.286 ,  1.961 ,  1.647 ,  238 
Pública,  56.294 ,  725.725 ,  48.219 ,  46.051 ,  619.604 ,  40.620 ,  1.200 ,  1.268 ,  633 ,  2.210 ,  3.018 ,  1.178 ,  6.833 ,  101.835 ,  5.788 ,  4.300 ,  30.868 ,  391 ,  4.236 ,  30.804 ,  391 ,  - ,  - ,  - ,  64 ,  64 ,  - ,  - ,  - ,  - ,  25.249 ,  32.277 ,  4.735 ,  20.194 ,  29.933 ,  4.245 ,  2.726 ,  249 ,  142 ,  368 ,  448 ,  110 ,  1.961 ,  1.647 ,  238 
Federal,  35.537 ,  615.595 ,  32.174 ,  28.704 ,  513.760 ,  26.386 , . , . , . , . , . , . ,  6.833 ,  101.835 ,  5.788 ,  430 ,  932 ,  391 ,  430 ,  932 ,  391 , . , . , . , . , . , . ,  - ,  - ,  - ,  16.871 ,  16.633 ,  3.640 ,  14.910 ,  14.986 ,  3.402 , . , . , . , . , . , . ,  1.961 ,  1.647 ,  238 
Estadual,  13.878 ,  103.755 ,  12.037 ,  13.618 ,  103.495 ,  11.850 , . , . , . ,  260 ,  260 ,  187 , . , . , . ,  3.710 ,  29.936 ,  - ,  3.646 ,  29.872 ,  - , . , . , . ,  64 ,  64 ,  - , . , . , . ,  5.008 ,  14.690 ,  595 ,  5.008 ,  14.690 ,  595 , . , . , . ,  - ,  - ,  - , . , . , . 
Municipal,  6.879 ,  6.375 ,  4.008 ,  3.729 ,  2.349 ,  2.384 ,  1.200 ,  1.268 ,  633 ,  1.950 ,  2.758 ,  991 , . , . , . ,  160 ,  - ,  - ,  160 ,  - ,  - ,  - ,  - ,  - ,  - ,  - ,  - , . , . , . ,  3.370 ,  954 ,  500 ,  276 ,  257 ,  248 ,  2.726 ,  249 ,  142 ,  368 ,  448 ,  110 , . , . , . 
Privada,  303.077 ,  599.708 ,  144.023 ,  73.217 ,  197.247 ,  39.740 ,  73.534 ,  166.730 ,  40.573 ,  156.326 ,  235.731 ,  63.710 , . , . , . ,  1.026 ,  573 ,  1 ,  - ,  - ,  - ,  355 ,  - ,  - ,  671 ,  573 ,  1 , . , . , . ,  123.850 ,  58.587 ,  17.037 ,  10.886 ,  8.989 ,  4.850 ,  16.998 ,  15.693 ,  6.011 ,  95.966 ,  33.905 ,  6.176 , . , . , . 
Mato Grosso do Sul,  51.812 ,  238.574 ,  29.598 ,  24.066 ,  181.151 ,  17.076 ,  9.175 ,  14.944 ,  5.438 ,  17.731 ,  27.186 ,  6.224 ,  840 ,  15.293 ,  860 ,  88 ,  - ,  - ,  - ,  - ,  - ,  - ,  - ,  - ,  88 ,  - ,  - ,  - ,  - ,  - ,  25.075 ,  11.358 ,  3.233 ,  5.171 ,  2.864 ,  1.314 ,  1.345 ,  1.412 ,  844 ,  18.486 ,  7.005 ,  1.075 ,  73 ,  77 ,  - 
Pública,  10.859 ,  162.885 ,  9.708 ,  10.019 ,  147.592 ,  8.848 , . , . , . , . , . , . ,  840 ,  15.293 ,  860 ,  - ,  - ,  - ,  - ,  - ,  - , . , . , . , . , . , . ,  - ,  - ,  - ,  4.917 ,  2.287 ,  1.057 ,  4.844 ,  2.210 ,  1.057 , . , . , . , . , . , . ,  73 ,  77 ,  - 
Federal,  8.446 ,  132.833 ,  7.387 ,  7.606 ,  117.540 ,  6.527 , . , . , . , . , . , . ,  840 ,  15.293 ,  860 ,  - ,  - ,  - ,  - ,  - ,  - , . , . , . , . , . , . ,  - ,  - ,  - ,  4.737 ,  2.102 ,  1.032 ,  4.664 ,  2.025 ,  1.032 , . , . , . , . , . , . ,  73 ,  77 ,  - 
Estadual,  2.413 ,  30.052 ,  2.321 ,  2.413 ,  30.052 ,  2.321 , . , . , . , . , . , . , . , . , . ,  - ,  - ,  - ,  - ,  - ,  - , . , . , . , . , . , . , . , . , . ,  180 ,  185 ,  25 ,  180 ,  185 ,  25 , . , . , . , . , . , . , . , . , . 
Municipal, . , . , . , . , . , . , . , . , . , . , . , . , . , . , . , . , . , . , . , . , . , . , . , . , . , . , . , . , . , . , . , . , . , . , . , . , . , . , . , . , . , . , . , . , . 
Privada,  40.953 ,  75.689 ,  19.890 ,  14.047 ,  33.559 ,  8.228 ,  9.175 ,  14.944 ,  5.438 ,  17.731 ,  27.186 ,  6.224 , . , . , . ,  88 ,  - ,  - ,  - ,  - ,  - ,  - ,  - ,  - ,  88 ,  - ,  - , . , . , . ,  20.158 ,  9.071 ,  2.176 ,  327 ,  654 ,  257 ,  1.345 ,  1.412 ,  844 ,  18.486 ,  7.005 ,  1.075 , . , . , . 
Mato Grosso,  71.963 ,  275.943 ,  37.721 ,  24.907 ,  196.208 ,  15.836 ,  11.347 ,  23.284 ,  5.450 ,  33.599 ,  52.683 ,  15.042 ,  2.110 ,  3.768 ,  1.393 ,  3.766 ,  30.047 ,  66 ,  3.746 ,  29.952 ,  66 ,  - ,  - ,  - ,  20 ,  95 ,  - ,  - ,  - ,  - ,  9.869 ,  19.364 ,  2.458 ,  4.487 ,  15.250 ,  1.262 ,  202 ,  275 ,  185 ,  5.180 ,  3.839 ,  1.011 ,  - ,  - ,  - 
Pública,  13.757 ,  157.839 ,  11.002 ,  11.647 ,  154.071 ,  9.609 , . , . , . , . , . , . ,  2.110 ,  3.768 ,  1.393 ,  3.746 ,  29.952 ,  66 ,  3.746 ,  29.952 ,  66 , . , . , . , . , . , . ,  - ,  - ,  - ,  3.952 ,  14.192 ,  742 ,  3.952 ,  14.192 ,  742 , . , . , . , . , . , . ,  - ,  - ,  - 
Federal,  8.147 ,  105.157 ,  6.676 ,  6.037 ,  101.389 ,  5.283 , . , . , . , . , . , . ,  2.110 ,  3.768 ,  1.393 ,  100 ,  80 ,  66 ,  100 ,  80 ,  66 , . , . , . , . , . , . ,  - ,  - ,  - ,  2.588 ,  1.276 ,  370 ,  2.588 ,  1.276 ,  370 , . , . , . , . , . , . ,  - ,  - ,  - 
Estadual,  5.610 ,  52.682 ,  4.326 ,  5.610 ,  52.682 ,  4.326 , . , . , . , . , . , . , . , . , . ,  3.646 ,  29.872 ,  - ,  3.646 ,  29.872 ,  - , . , . , . , . , . , . , . , . , . ,  1.364 ,  12.916 ,  372 ,  1.364 ,  12.916 ,  372 , . , . , . , . , . , . , . , . , . 
Municipal, . , . , . , . , . , . , . , . , . , . , . , . , . , . , . , . , . , . , . , . , . , . , . , . , . , . , . , . , . , . , . , . , . , . , . , . , . , . , . , . , . , . , . , . , . 
Privada,  58.206 ,  118.104 ,  26.719 ,  13.260 ,  42.137 ,  6.227 ,  11.347 ,  23.284 ,  5.450 ,  33.599 ,  52.683 ,  15.042 , . , . , . ,  20 ,  95 ,  - ,  - ,  - ,  - ,  - ,  - ,  - ,  20 ,  95 ,  - , . , . , . ,  5.917 ,  5.172 ,  1.716 ,  535 ,  1.058 ,  520 ,  202 ,  275 ,  185 ,  5.180 ,  3.839 ,  1.011 , . , . , . 
Goiás,  119.062 ,  405.555 ,  64.332 ,  42.459 ,  246.709 ,  28.680 ,  12.568 ,  25.028 ,  6.042 ,  60.995 ,  102.435 ,  26.943 ,  3.040 ,  31.383 ,  2.667 ,  606 ,  644 ,  184 ,  340 ,  430 ,  183 ,  - ,  - ,  - ,  266 ,  214 ,  1 ,  - ,  - ,  - ,  62.380 ,  26.762 ,  7.494 ,  11.074 ,  8.756 ,  3.691 ,  5.750 ,  943 ,  754 ,  43.872 ,  15.819 ,  2.859 ,  1.684 ,  1.244 ,  190 
Pública,  22.099 ,  207.272 ,  18.194 ,  15.909 ,  171.863 ,  13.903 ,  1.200 ,  1.268 ,  633 ,  1.950 ,  2.758 ,  991 ,  3.040 ,  31.383 ,  2.667 ,  340 ,  430 ,  183 ,  340 ,  430 ,  183 ,  - ,  - ,  - ,  - ,  - ,  - ,  - ,  - ,  - ,  10.352 ,  6.719 ,  1.739 ,  5.574 ,  4.778 ,  1.297 ,  2.726 ,  249 ,  142 ,  368 ,  448 ,  110 ,  1.684 ,  1.244 ,  190 
Federal,  9.625 ,  180.136 ,  8.983 ,  6.585 ,  148.753 ,  6.316 , . , . , . , . , . , . ,  3.040 ,  31.383 ,  2.667 ,  180 ,  430 ,  183 ,  180 ,  430 ,  183 , . , . , . , . , . , . ,  - ,  - ,  - ,  3.518 ,  4.176 ,  1.041 ,  1.834 ,  2.932 ,  851 , . , . , . , . , . , . ,  1.684 ,  1.244 ,  190 
Estadual,  5.595 ,  20.761 ,  5.203 ,  5.595 ,  20.761 ,  5.203 , . , . , . , . , . , . , . , . , . ,  - ,  - ,  - ,  - ,  - ,  - , . , . , . , . , . , . , . , . , . ,  3.464 ,  1.589 ,  198 ,  3.464 ,  1.589 ,  198 , . , . , . , . , . , . , . , . , . 
Municipal,  6.879 ,  6.375 ,  4.008 ,  3.729 ,  2.349 ,  2.384 ,  1.200 ,  1.268 ,  633 ,  1.950 ,  2.758 ,  991 , . , . , . ,  160 ,  - ,  - ,  160 ,  - ,  - ,  - ,  - ,  - ,  - ,  - ,  - , . , . , . ,  3.370 ,  954 ,  500 ,  276 ,  257 ,  248 ,  2.726 ,  249 ,  142 ,  368 ,  448 ,  110 , . , . , . 
Privada,  96.963 ,  198.283 ,  46.138 ,  26.550 ,  74.846 ,  14.777 ,  11.368 ,  23.760 ,  5.409 ,  59.045 ,  99.677 ,  25.952 , . , . , . ,  266 ,  214 ,  1 ,  - ,  - ,  - ,  - ,  - ,  - ,  266 ,  214 ,  1 , . , . , . ,  52.028 ,  20.043 ,  5.755 ,  5.500 ,  3.978 ,  2.394 ,  3.024 ,  694 ,  612 ,  43.504 ,  15.371 ,  2.749 , . , . , . 
Distrito Federal,  116.534 ,  405.361 ,  60.591 ,  27.836 ,  192.783 ,  18.768 ,  41.644 ,  104.742 ,  24.276 ,  46.211 ,  56.445 ,  16.679 ,  843 ,  51.391 ,  868 ,  866 ,  750 ,  142 ,  150 ,  422 ,  142 ,  355 ,  - ,  - ,  361 ,  328 ,  - ,  - ,  - ,  - ,  51.775 ,  33.380 ,  8.587 ,  10.348 ,  12.052 ,  2.828 ,  12.427 ,  13.312 ,  4.370 ,  28.796 ,  7.690 ,  1.341 ,  204 ,  326 ,  48 
Pública,  9.579 ,  197.729 ,  9.315 ,  8.476 ,  146.078 ,  8.260 , . , . , . ,  260 ,  260 ,  187 ,  843 ,  51.391 ,  868 ,  214 ,  486 ,  142 ,  150 ,  422 ,  142 , . , . , . ,  64 ,  64 ,  - ,  - ,  - ,  - ,  6.028 ,  9.079 ,  1.197 ,  5.824 ,  8.753 ,  1.149 , . , . , . ,  - ,  - ,  - ,  204 ,  326 ,  48 
Federal,  9.319 ,  197.469 ,  9.128 ,  8.476 ,  146.078 ,  8.260 , . , . , . , . , . , . ,  843 ,  51.391 ,  868 ,  150 ,  422 ,  142 ,  150 ,  422 ,  142 , . , . , . , . , . , . ,  - ,  - ,  - ,  6.028 ,  9.079 ,  1.197 ,  5.824 ,  8.753 ,  1.149 , . , . , . , . , . , . ,  204 ,  326 ,  48 
Estadual,  260 ,  260 ,  187 , . , . , . , . , . , . ,  260 ,  260 ,  187 , . , . , . ,  64 ,  64 ,  - , . , . , . , . , . , . ,  64 ,  64 ,  - , . , . , . ,  - ,  - ,  - , . , . , . , . , . , . ,  - ,  - ,  - , . , . , . 
Municipal, . , . , . , . , . , . , . , . , . , . , . , . , . , . , . , . , . , . , . , . , . , . , . , . , . , . , . , . , . , . , . , . , . , . , . , . , . , . , . , . , . , . , . , . , . 
Privada,  106.955 ,  207.632 ,  51.276 ,  19.360 ,  46.705 ,  10.508 ,  41.644 ,  104.742 ,  24.276 ,  45.951 ,  56.185 ,  16.492 , . , . , . ,  652 ,  264 ,  - ,  - ,  - ,  - ,  355 ,  - ,  - ,  297 ,  264 ,  - , . , . , . ,  45.747 ,  24.301 ,  7.390 ,  4.524 ,  3.299 ,  1.679 ,  12.427 ,  13.312 ,  4.370 ,  28.796 ,  7.690 ,  1.341 , . , . , . 